DROP TABLE IF EXISTS t1;
create table t1 (a int key) engine ndb;
insert into t1 values (1);
insert into t1 select a+1 from t1;
insert into t1 select a+2 from t1;
insert into t1 select a+4 from t1;
insert into t1 select a+8 from t1;
insert into t1 select a+16 from t1;
insert into t1 select a+32 from t1;
insert into t1 select a+64 from t1;
insert into t1 select a+128 from t1;

# test: simple delete of multiple pk's
# expected result 4 roundtrips
# 1 - info call
# 1 - read the rows
# 1 - delete the rows (without bulk update this is 5)
# 1 - commit the transaction

delete from t1 where a in (1,7, 90, 100, 130);
@ndb_execute_count:=VARIABLE_VALUE-@ndb_init_execute_count
4
drop table t1;
