CREATE TABLE `t1_c` (
`capgoaledatta` mediumint(5) unsigned NOT NULL auto_increment,
`goaledatta` char(2) NOT NULL default '',
`maturegarbagefa` varchar(32) NOT NULL default '',
PRIMARY KEY  (`capgoaledatta`,`goaledatta`,`maturegarbagefa`)
) ENGINE=ndbcluster DEFAULT CHARSET=latin1;
INSERT INTO `t1_c` VALUES (2,'3','q3plus.qt'),(400,'4','q3plus.qt'),(1,'3','q3.net'),(3,'4','q3.net'),(3000,'20','threetrees.qt');
CREATE TABLE `t2_c` (
`capgotod` smallint(5) unsigned NOT NULL auto_increment,
`gotod` smallint(5) unsigned NOT NULL default '0',
`goaledatta` char(2) default NULL,
`maturegarbagefa` varchar(32) default NULL,
`descrpooppo` varchar(64) default NULL,
`svcutonsa` varchar(64) NOT NULL default '',
PRIMARY KEY  (`capgotod`),
KEY `i quadaddsvr` (`gotod`)
) ENGINE=ndbcluster DEFAULT CHARSET=latin1;
INSERT INTO `t2_c` VALUES (500,4,'','q3.net','addavp:MK_CASELECTOR=1','postorod rattoaa'),(2,1,'4','','addavp:MK_BRANDTAD=345','REDS Brandtad'),(3,2,'4','q3.net','execorder','fixedRatediPO REDS'),(1,1,'3','','addavp:MK_BRANDTAD=123','TEST Brandtad'),(6,5,'','told.q3.net','addavp:MK_BRANDTAD=123','Brandtad Toldzone'),(4,3,'3','q3.net','addavp:MK_POOLHINT=2','ratedi PO TEST'),(5,0,'',NULL,NULL,'');
CREATE TABLE `t3_c` (
`CapGoaledatta` smallint(5) unsigned NOT NULL default '0',
`capgotod` smallint(5) unsigned NOT NULL default '0',
PRIMARY KEY  (`capgotod`,`CapGoaledatta`)
) ENGINE=ndbcluster DEFAULT CHARSET=latin1 ROW_FORMAT=FIXED;
INSERT INTO `t3_c` VALUES (5,3),(2,4),(5,4),(1,3);
CREATE TABLE `t4_c` (
`capfa` bigint(20) unsigned NOT NULL auto_increment,
`realm` varchar(32) NOT NULL default '',
`authpwchap` varchar(32) default NULL,
`fa` varchar(32) NOT NULL default '',
`payyingatta` tinyint(4) NOT NULL default '0',
`status` char(1) default NULL,
PRIMARY KEY  (`fa`,`realm`),
KEY `capfa` (`capfa`),
KEY `i_quadentity` (`fa`,`realm`)
) ENGINE=ndbcluster DEFAULT CHARSET=latin1;
INSERT INTO `t4_c` VALUES (18,'john.smith','q3.net','dessjohn.smith',0,NULL),(21,'quad_katt_with_brandtad','q3.net','acne',0,NULL),(2200,'quad_katt_carattoaa','q3.net','acne',0,NULL),(26,'436462612809','sqasdt.q3.net','N/A',0,'6'),(19,'john','smith.qt','dessjohn',0,NULL),(33,'436643196120','sqasdt.q3.net','N/A',1,'6'),(28,'436642900019','sqasdt.q3.net','N/A',0,'6'),(30,'436462900209','sqasdt.q3.net','N/A',0,'6'),(16,'436640006666','sqasdt.q3.net','',0,NULL),(19,'dette','el-redun.com','dessdette',0,NULL),(12,'quad_kattPP','q3.net','acne',2,NULL),(14,'436640008888','sqasdt.q3.net','',0,NULL),(29,'463624900028','sqasdt.q3.net','N/A',0,'6'),(15,'436640099099','sqasdt.q3.net','',0,NULL),(13,'pap','q3plus.qt','acne',1,NULL),(19,'436642612091','sqasdt.q3.net','N/A',0,'6'),(12,'quad_katt','q3.net','acne',0,NULL),(11,'quad_kattVK','q3.net','acne',1,NULL),(32000,'463641969502','sqasdt.q3.net','N/A',1,'6'),(20,'joe','q3.net','joedesswd',0,NULL),(290000000,'436642900034','sqasdt.q3.net','N/A',0,'6'),(25,'contind','armerde.qt','acne',1,NULL);
CREATE TABLE `t5_c` (
`capfa` bigint(20) unsigned NOT NULL default '0',
`gotod` smallint(5) unsigned NOT NULL default '0',
`orderutonsa` varchar(64) NOT NULL default '',
PRIMARY KEY  (`capfa`,`gotod`,`orderutonsa`)
) ENGINE=ndbcluster DEFAULT CHARSET=latin1;
INSERT INTO `t5_c` VALUES (21,2,''),(21,1,''),(22,4,'');
CREATE TABLE `t6_c` (
`capfa_parent` bigint(20) unsigned NOT NULL default '0',
`capfa_child` bigint(20) unsigned NOT NULL default '0',
`relatta` smallint(5) unsigned NOT NULL default '0',
PRIMARY KEY  (`capfa_child`,`capfa_parent`,`relatta`)
) ENGINE=ndbcluster DEFAULT CHARSET=latin1;
INSERT INTO `t6_c` VALUES (15,16,0),(19,20,0),(18326932092909551615,30,0),(26,29,0),(18326932092909551615,29,0),(19,18,0),(26,28,0),(12,14,0);
CREATE TABLE `t7_c` (
`dardpo` char(15) NOT NULL default '',
`dardtestard` tinyint(3) unsigned NOT NULL auto_increment,
`FastFA` char(5) NOT NULL default '',
`FastCode` char(6) NOT NULL default '',
`Fastca` char(1) NOT NULL default '',
`Fastmag` char(1) NOT NULL default '',
`Beareratta` char(2) NOT NULL default '',
PRIMARY KEY  (`dardpo`,`dardtestard`)
) ENGINE=ndbcluster DEFAULT CHARSET=latin1;
INSERT INTO `t7_c` VALUES ('2.6.2.4',24,'CECHP','54545','0','0','5'),('2.2.5.4',26,'CANFA','33223','1','1','4'),('4.3.2.4',28,'ITALD','54222','1','0','5'),('129..0.0.eins',28,'G','99999','1','1','5'),('1.1.1.1',24,'AUTPT','32323','0','1','3');
CREATE TABLE `t8_c` (
`kattjame` varchar(32) NOT NULL default '',
`realm` varchar(32) NOT NULL default '',
`realm_entered` varchar(32) NOT NULL default '',
`maturegarbagefa` varchar(32) NOT NULL default '',
`hunderaaarbagefa_parent` varchar(32) NOT NULL default '',
`kattjame_entered` varchar(32) NOT NULL default '',
`hunderaaarbagefa` varchar(32) NOT NULL default '',
`gest` varchar(16) default NULL,
`hassetino` varchar(16) NOT NULL default '',
`aaaproxysessfa` varchar(255) default NULL,
`autologonallowed` char(1) default NULL,
`squardporoot` varchar(15) NOT NULL default '',
`naspo` varchar(15) default NULL,
`beareratta` char(2) default NULL,
`fastCode` varchar(6) default NULL,
`fastFA` varchar(5) default NULL,
`fastca` char(1) default NULL,
`fastmag` char(1) default NULL,
`lastupdate` datetime default NULL,
`hassetistart` datetime NOT NULL default '0000-00-00 00:00:00',
`accthassetitime` int(10) unsigned default NULL,
`acctoutputoctets` bigint(20) unsigned default NULL,
`acctinputoctets` bigint(20) unsigned default NULL,
PRIMARY KEY  (`kattjame`,`hunderaaarbagefa`,`hassetistart`,`hassetino`),
KEY `squardporoot` (`squardporoot`)
) ENGINE=ndbcluster DEFAULT CHARSET=latin1;
INSERT INTO `t8_c` VALUES ('4tt45345235','pap','q3plus.qt','q3plus.qt','q3.net','436643196120','436643196929','8956234534568968','5524595699','uxasmt21.net.acne.qt/481889229462692422','','1.1.1.1','2.2.4.6','4','86989','34','x','x','2012-03-12 12:55:34','2012-12-05 11:20:04',3223433,3369,9565),('4545435545','john','q3.net','q3.net','acne.li','436643196120','436643196929','45345234568968','995696699','uxasmt21.net.acne.qt/481889229462692423','','1.1.1.1','2.2.9.8','2','86989','34','x','x','2012-03-12 11:35:03','2012-12-05 08:50:04',8821923,169,3565),('versteckter_q3net_katt','joe','q3.net','elredun.com','q3.net','436643196120','436643196939','91341234568968','695595699','uxasmt21.net.acne.qt/481889229462692421','','1.1.1.1','2.5.2.5','3','86989','34','x','x','2012-03-12 18:35:04','2012-12-05 12:35:04',1923123,9569,6565);
CREATE TABLE `t9_c` (
`kattjame` varchar(32) NOT NULL default '',
`kattjame_entered` varchar(32) NOT NULL default '',
`realm` varchar(32) NOT NULL default '',
`realm_entered` varchar(32) NOT NULL default '',
`maturegarbagefa` varchar(32) NOT NULL default '',
`hunderaaarbagefa` varchar(32) NOT NULL default '',
`hunderaaarbagefa_parent` varchar(32) NOT NULL default '',
`gest` varchar(16) default NULL,
`hassetino` varchar(16) NOT NULL default '',
`squardporoot` varchar(15) NOT NULL default '',
`naspo` varchar(15) default NULL,
`beareratta` char(2) default NULL,
`fastCode` varchar(6) default NULL,
`fastFA` varchar(5) default NULL,
`fastca` char(1) default NULL,
`fastmag` char(1) default NULL,
`lastupdate` datetime default NULL,
`hassetistart` datetime NOT NULL default '0000-00-00 00:00:00',
`accthassetitime` int(10) unsigned default NULL,
`actcoutpuocttets` bigint(20) unsigned default NULL,
`actinputocctets` bigint(20) unsigned default NULL,
`terminateraste` tinyint(3) unsigned default NULL,
PRIMARY KEY  (`kattjame`,`hunderaaarbagefa`,`hassetistart`,`hassetino`)
) ENGINE=ndbcluster DEFAULT CHARSET=latin1;
INSERT INTO `t9_c` VALUES ('3g4jh8gar2t','joe','q3.net','elredun.com','q3.net','436643316120','436643316939','91341234568968','695595699','1.1.1.1','2.2.6.2','3','86989','34','x','x','2012-03-12 18:35:04','2012-12-05 12:35:04',3123123,9569,6565,1),('4tt45345235','pap','q3plus.qt','q3plus.qt','q3.net','436643316120','436643316939','8956234534568968','5254595969','1.1.1.1','8.6.2.2','4','86989','34','x','x','2012-03-12 12:55:34','2012-12-05 11:20:04',3223433,3369,9565,2),('4545435545','john','q3.net','q3.net','acne.li','436643316120','436643316939','45345234568968','995696699','1.1.1.1','2.9.9.2','2','86998','34','x','x','2012-03-12 11:35:03','2012-12-05 08:50:04',8823123,169,3565,3);
CREATE TABLE t10_c (a INT AUTO_INCREMENT KEY) ENGINE=ndbcluster DEFAULT CHARSET=latin1;
INSERT INTO t10_c VALUES (1),(2),(3);
insert into t10_c values (10000),(2000),(3000);
CREATE TABLE t11_c (a int, b00 int null, b01 int null,b02 int null,b03 int null,b04 int null,b05 int null,b06 int null,b07 int null,b08 int null,b90 int null,b10 int null,b11 int null,b12 int null,b13 int null,b14 int null,b15 int null,b16 int null,b17 int null,b18 int null,b19 int null,b20 int null,b21 int null,b22 int null,b23 int null,b24 int null,b25 int null,b26 int null,b27 int null,b28 int null,b29 int null,b30 int null,b31 int null,b32 int null) engine = ndb;
insert into t11_c values (1,1,1,1,1,1,1,1,1,1,1,1,1,1,1,1,1,1,1,1,1,1,1,1,1,1,1,1,1,1,1,1,1,1);
create table t1 engine=myisam as select * from t1_c;
create table t2 engine=myisam as select * from t2_c;
create table t3 engine=myisam as select * from t3_c;
create table t4 engine=myisam as select * from t4_c;
create table t5 engine=myisam as select * from t5_c;
create table t6 engine=myisam as select * from t6_c;
create table t7 engine=myisam as select * from t7_c;
create table t8 engine=myisam as select * from t8_c;
create table t9 engine=myisam as select * from t9_c;
create table t10 engine=myisam as select * from t10_c;
create table t11 engine=myisam as select * from t11_c;
ForceVarPart: 0
ForceVarPart: 1
drop table t1_c,t2_c,t3_c,t4_c,t5_c,t6_c,t7_c,t8_c,t9_c,t10_c,t11_c;
ForceVarPart: 0
ForceVarPart: 1
select * from information_schema.columns where table_name = "t1_c";
TABLE_CATALOG	TABLE_SCHEMA	TABLE_NAME	COLUMN_NAME	ORDINAL_POSITION	COLUMN_DEFAULT	IS_NULLABLE	DATA_TYPE	CHARACTER_MAXIMUM_LENGTH	CHARACTER_OCTET_LENGTH	NUMERIC_PRECISION	NUMERIC_SCALE	CHARACTER_SET_NAME	COLLATION_NAME	COLUMN_TYPE	COLUMN_KEY	EXTRA	PRIVILEGES	COLUMN_COMMENT	STORAGE	FORMAT
NULL	test	t1_c	capgoaledatta	1	NULL	NO	mediumint	NULL	NULL	7	0	NULL	NULL	mediumint(5) unsigned	PRI	auto_increment	#		Default	Default
NULL	test	t1_c	goaledatta	2		NO	char	2	2	NULL	NULL	latin1	latin1_swedish_ci	char(2)	PRI		#		Default	Default
NULL	test	t1_c	maturegarbagefa	3		NO	varchar	32	32	NULL	NULL	latin1	latin1_swedish_ci	varchar(32)	PRI		#		Default	Default
select count(*) from t1;
count(*)
5
select count(*) from t1_c;
count(*)
5
select count(*)
from (select * from t1 union 
select * from t1_c) a;
count(*)
5
select count(*) from t2;
count(*)
7
select count(*) from t2_c;
count(*)
7
select count(*)
from (select * from t2 union 
select * from t2_c) a;
count(*)
7
select count(*) from t3;
count(*)
4
select count(*) from t3_c;
count(*)
4
select count(*)
from (select * from t3 union 
select * from t3_c) a;
count(*)
4
select count(*) from t4;
count(*)
22
select count(*) from t4_c;
count(*)
22
select count(*)
from (select * from t4 union 
select * from t4_c) a;
count(*)
22
select count(*) from t5;
count(*)
3
select count(*) from t5_c;
count(*)
3
select count(*)
from (select * from t5 union 
select * from t5_c) a;
count(*)
3
select count(*) from t6;
count(*)
8
select count(*) from t6_c;
count(*)
8
select count(*)
from (select * from t6 union 
select * from t6_c) a;
count(*)
8
select count(*) from t7;
count(*)
5
select count(*) from t7_c;
count(*)
5
select count(*)
from (select * from t7 union 
select * from t7_c) a;
count(*)
5
select count(*) from t8;
count(*)
3
select count(*) from t8_c;
count(*)
3
select count(*)
from (select * from t8 union 
select * from t8_c) a;
count(*)
3
select count(*) from t9;
count(*)
3
select count(*) from t9_c;
count(*)
3
select count(*)
from (select * from t9 union 
select * from t9_c) a;
count(*)
3
select count(*) from t10;
count(*)
6
select count(*) from t10_c;
count(*)
6
select count(*)
from (select * from t10 union 
select * from t10_c) a;
count(*)
6
select count(*) from t11;
count(*)
1
select count(*) from t11_c;
count(*)
1
select count(*)
from (select * from t11 union 
select * from t11_c) a;
count(*)
1
select * from t10_c order by a;
a
1
2
3
2000
3000
10000
select max(capgoaledatta) from t1_c;
max(capgoaledatta)
3000
select auto_increment from information_schema.tables
where table_name = 't1_c';
auto_increment
3001
select max(capgotod) from t2_c;
max(capgotod)
500
select auto_increment from information_schema.tables
where table_name = 't2_c';
auto_increment
501
select max(capfa) from t4_c;
max(capfa)
290000000
select auto_increment from information_schema.tables
where table_name = 't4_c';
auto_increment
290000001
select max(dardtestard) from t7_c;
max(dardtestard)
28
select auto_increment from information_schema.tables
where table_name = 't7_c';
auto_increment
29
select max(a) from t10_c;
max(a)
10000
select auto_increment from information_schema.tables
where table_name = 't10_c';
auto_increment
10001
ALTER TABLE t7_c
PARTITION BY LINEAR KEY (`dardtestard`);
drop table t1_c,t2_c,t3_c,t4_c,t5_c,t6_c,t7_c,t8_c,t9_c,t10_c,t11_c;
select count(*) from t1;
count(*)
5
select count(*) from t1_c;
count(*)
5
select count(*)
from (select * from t1 union 
select * from t1_c) a;
count(*)
5
select count(*) from t2;
count(*)
7
select count(*) from t2_c;
count(*)
7
select count(*)
from (select * from t2 union 
select * from t2_c) a;
count(*)
7
select count(*) from t3;
count(*)
4
select count(*) from t3_c;
count(*)
4
select count(*)
from (select * from t3 union 
select * from t3_c) a;
count(*)
4
select count(*) from t4;
count(*)
22
select count(*) from t4_c;
count(*)
22
select count(*)
from (select * from t4 union 
select * from t4_c) a;
count(*)
22
select count(*) from t5;
count(*)
3
select count(*) from t5_c;
count(*)
3
select count(*)
from (select * from t5 union 
select * from t5_c) a;
count(*)
3
select count(*) from t6;
count(*)
8
select count(*) from t6_c;
count(*)
8
select count(*)
from (select * from t6 union 
select * from t6_c) a;
count(*)
8
select count(*) from t7;
count(*)
5
select count(*) from t7_c;
count(*)
5
select count(*)
from (select * from t7 union 
select * from t7_c) a;
count(*)
5
select count(*) from t8;
count(*)
3
select count(*) from t8_c;
count(*)
3
select count(*)
from (select * from t8 union 
select * from t8_c) a;
count(*)
3
select count(*) from t9;
count(*)
3
select count(*) from t9_c;
count(*)
3
select count(*)
from (select * from t9 union 
select * from t9_c) a;
count(*)
3
select count(*) from t10;
count(*)
6
select count(*) from t10_c;
count(*)
6
select count(*)
from (select * from t10 union 
select * from t10_c) a;
count(*)
6
select count(*) from t11;
count(*)
1
select count(*) from t11_c;
count(*)
1
select count(*)
from (select * from t11 union 
select * from t11_c) a;
count(*)
1
drop table t1_c,t2_c,t3_c,t4_c,t5_c,t6_c,t7_c,t8_c,t9_c,t10_c,t11_c;
select count(*) from t1;
count(*)
5
select count(*) from t1_c;
count(*)
5
select count(*)
from (select * from t1 union 
select * from t1_c) a;
count(*)
5
select count(*) from t2;
count(*)
7
select count(*) from t2_c;
count(*)
7
select count(*)
from (select * from t2 union 
select * from t2_c) a;
count(*)
7
select count(*) from t3;
count(*)
4
select count(*) from t3_c;
count(*)
4
select count(*)
from (select * from t3 union 
select * from t3_c) a;
count(*)
4
select count(*) from t4;
count(*)
22
select count(*) from t4_c;
count(*)
22
select count(*)
from (select * from t4 union 
select * from t4_c) a;
count(*)
22
select count(*) from t5;
count(*)
3
select count(*) from t5_c;
count(*)
3
select count(*)
from (select * from t5 union 
select * from t5_c) a;
count(*)
3
select count(*) from t6;
count(*)
8
select count(*) from t6_c;
count(*)
8
select count(*)
from (select * from t6 union 
select * from t6_c) a;
count(*)
8
select count(*) from t7;
count(*)
5
select count(*) from t7_c;
count(*)
5
select count(*)
from (select * from t7 union 
select * from t7_c) a;
count(*)
5
select count(*) from t8;
count(*)
3
select count(*) from t8_c;
count(*)
3
select count(*)
from (select * from t8 union 
select * from t8_c) a;
count(*)
3
select count(*) from t9;
count(*)
3
select count(*) from t9_c;
count(*)
3
select count(*)
from (select * from t9 union 
select * from t9_c) a;
count(*)
3
select count(*) from t10;
count(*)
6
select count(*) from t10_c;
count(*)
6
select count(*)
from (select * from t10 union 
select * from t10_c) a;
count(*)
6
select count(*) from t11;
count(*)
1
select count(*) from t11_c;
count(*)
1
select count(*)
from (select * from t11 union 
select * from t11_c) a;
count(*)
1
drop table t1_c,t3_c,t4_c,t5_c,t6_c,t7_c,t8_c,t9_c,t10_c,t11_c;
CREATE TABLE t11_c (
c1 int primary key, c2 char(10), c3 varchar(10)
) ENGINE=ndbcluster DEFAULT CHARSET=latin1;
CREATE TABLE t12_c (
c1 int primary key, c2 char(10), c3 varchar(10)
) ENGINE=ndbcluster DEFAULT CHARSET=latin1;
INSERT INTO t11_c VALUES(1, "aaaaa", "bbbbb"), (2, "ccccc", "ddddd"), (3, "eeeee","fffff");
INSERT INTO t12_c VALUES(4, "ggggg", "hhhhh"), (5, "iiiii", "jjjjj"), (6, "kkkkk","lllll");
drop table t2_c,t11_c,t12_c;
SELECT * FROM t11_c ORDER BY c1;
c1	c2	c3
1	aaaaa	bbbbb
2	ccccc	ddddd
3	eeeee	fffff
drop table t1,t2,t3,t4,t5,t6,t7,t8,t9,t10,t11,t11_c;
520093696,<the_backup_id>
select epoch from mysql.ndb_apply_status where server_id=0;
epoch
331
select epoch from mysql.ndb_apply_status where server_id=0;
epoch
151
select epoch > (1 << 32) from mysql.ndb_apply_status where server_id=0;
epoch > (1 << 32)
1
Backup Id = 1
Nodeid = 1
backup path = /home/marty/MySQL/mysql-5.1-telco-6.2/mysql-test/std_data/ndb_backup50
Opening file '/home/marty/MySQL/mysql-5.1-telco-6.2/mysql-test/std_data/ndb_backup50/BACKUP-1.1.ctl'
File size 7936 bytes
Ndb version in backup files: ndb-5.1.2
-- BANK/def/ACCOUNT_TYPE --
Version: 1
Fragment type: 5
K Value: 6
Min load factor: 78
Max load factor: 80
Temporary table: no
Number of attributes: 2
Number of primary keys: 1
Length of frm data: 257
Row Checksum: 1
Row GCI: 1
SingleUserMode: 0
ForceVarPart: 0
TableStatus: Retrieved
-- Attributes -- 
ACCOUNT_TYPE_ID Unsigned PRIMARY KEY DISTRIBUTION KEY AT=FIXED ST=MEMORY
DESCRIPTION Char(64;latin1_bin) NOT NULL AT=FIXED ST=MEMORY

Successfully printed table: -- BANK/def/SYSTEM_VALUES --
Version: 1
Fragment type: 5
K Value: 6
Min load factor: 78
Max load factor: 80
Temporary table: no
Number of attributes: 2
Number of primary keys: 1
Length of frm data: 247
Row Checksum: 1
Row GCI: 1
SingleUserMode: 0
ForceVarPart: 0
TableStatus: Retrieved
-- Attributes -- 
SYSTEM_VALUES_ID Unsigned PRIMARY KEY DISTRIBUTION KEY AT=FIXED ST=MEMORY
VALUE Bigunsigned NOT NULL AT=FIXED ST=MEMORY

Successfully printed table: -- BANK/def/TRANSACTION --
Version: 1
Fragment type: 5
K Value: 6
Min load factor: 78
Max load factor: 80
Temporary table: no
Number of attributes: 7
Number of primary keys: 2
Length of frm data: 338
Row Checksum: 1
Row GCI: 1
SingleUserMode: 0
ForceVarPart: 0
TableStatus: Retrieved
-- Attributes -- 
TRANSACTION_ID Bigunsigned PRIMARY KEY DISTRIBUTION KEY AT=FIXED ST=MEMORY
ACCOUNT Unsigned PRIMARY KEY DISTRIBUTION KEY AT=FIXED ST=MEMORY
ACCOUNT_TYPE Unsigned NOT NULL AT=FIXED ST=MEMORY
OTHER_ACCOUNT Unsigned NOT NULL AT=FIXED ST=MEMORY
TRANSACTION_TYPE Unsigned NOT NULL AT=FIXED ST=MEMORY
TIME Bigunsigned NOT NULL AT=FIXED ST=MEMORY
AMOUNT Unsigned NOT NULL AT=FIXED ST=MEMORY

Successfully printed table: -- BANK/def/ACCOUNT --
Version: 1
Fragment type: 5
K Value: 6
Min load factor: 78
Max load factor: 80
Temporary table: no
Number of attributes: 4
Number of primary keys: 1
Length of frm data: 274
Row Checksum: 1
Row GCI: 1
SingleUserMode: 0
ForceVarPart: 0
TableStatus: Retrieved
-- Attributes -- 
ACCOUNT_ID Unsigned PRIMARY KEY DISTRIBUTION KEY AT=FIXED ST=MEMORY
OWNER Unsigned NOT NULL AT=FIXED ST=MEMORY
BALANCE Unsigned NOT NULL AT=FIXED ST=MEMORY
ACCOUNT_TYPE Unsigned NOT NULL AT=FIXED ST=MEMORY

Successfully printed table: -- BANK/def/GL --
Version: 1
Fragment type: 5
K Value: 6
Min load factor: 78
Max load factor: 80
Temporary table: no
Number of attributes: 8
Number of primary keys: 2
Length of frm data: 359
Row Checksum: 1
Row GCI: 1
SingleUserMode: 0
ForceVarPart: 0
TableStatus: Retrieved
-- Attributes -- 
TIME Bigunsigned PRIMARY KEY DISTRIBUTION KEY AT=FIXED ST=MEMORY
ACCOUNT_TYPE Unsigned PRIMARY KEY DISTRIBUTION KEY AT=FIXED ST=MEMORY
BALANCE Unsigned NOT NULL AT=FIXED ST=MEMORY
DEPOSIT_COUNT Unsigned NOT NULL AT=FIXED ST=MEMORY
DEPOSIT_SUM Unsigned NOT NULL AT=FIXED ST=MEMORY
WITHDRAWAL_COUNT Unsigned NOT NULL AT=FIXED ST=MEMORY
WITHDRAWAL_SUM Unsigned NOT NULL AT=FIXED ST=MEMORY
PURGED Unsigned NOT NULL AT=FIXED ST=MEMORY

Successfully printed table: 
NDBT_ProgramExit: 0 - OK

Backup Id = 1
Nodeid = 1
backup path = /home/marty/MySQL/mysql-5.1-telco-6.2/mysql-test/std_data/ndb_backup50
Opening file '/home/marty/MySQL/mysql-5.1-telco-6.2/mysql-test/std_data/ndb_backup50/BACKUP-1.1.ctl'
File size 7936 bytes
Ndb version in backup files: ndb-5.1.2
Opening file '/home/marty/MySQL/mysql-5.1-telco-6.2/mysql-test/std_data/ndb_backup50/BACKUP-1.1.log'
File size 7592 bytes
UPDATE BANK/def/SYSTEM_VALUES SYSTEM_VALUES_ID=0, VALUE=2262
UPDATE BANK/def/ACCOUNT ACCOUNT_ID=6, BALANCE=150072
UPDATE BANK/def/SYSTEM_VALUES SYSTEM_VALUES_ID=0, VALUE=2263
UPDATE BANK/def/ACCOUNT ACCOUNT_ID=3, BALANCE=9201
INSERT BANK/def/TRANSACTION TRANSACTION_ID=2263, ACCOUNT=2, TRANSACTION_ID=2263, ACCOUNT=2, ACCOUNT_TYPE=2, OTHER_ACCOUNT=3, TRANSACTION_TYPE=3000, TIME=5, AMOUNT=914
UPDATE BANK/def/SYSTEM_VALUES SYSTEM_VALUES_ID=0, VALUE=2264
UPDATE BANK/def/ACCOUNT ACCOUNT_ID=3, BALANCE=16144
INSERT BANK/def/TRANSACTION TRANSACTION_ID=2264, ACCOUNT=1, TRANSACTION_ID=2264, ACCOUNT=1, ACCOUNT_TYPE=1, OTHER_ACCOUNT=3, TRANSACTION_TYPE=2000, TIME=5, AMOUNT=6943
UPDATE BANK/def/SYSTEM_VALUES SYSTEM_VALUES_ID=0, VALUE=2265
UPDATE BANK/def/ACCOUNT ACCOUNT_ID=3, BALANCE=14774
UPDATE BANK/def/ACCOUNT ACCOUNT_ID=7, BALANCE=131368
INSERT BANK/def/TRANSACTION TRANSACTION_ID=2265, ACCOUNT=3, TRANSACTION_ID=2265, ACCOUNT=3, ACCOUNT_TYPE=3, OTHER_ACCOUNT=7, TRANSACTION_TYPE=2000, TIME=5, AMOUNT=1370
UPDATE BANK/def/SYSTEM_VALUES SYSTEM_VALUES_ID=0, VALUE=2266
UPDATE BANK/def/ACCOUNT ACCOUNT_ID=3, BALANCE=12175
INSERT BANK/def/TRANSACTION TRANSACTION_ID=2266, ACCOUNT=4, TRANSACTION_ID=2266, ACCOUNT=4, ACCOUNT_TYPE=4, OTHER_ACCOUNT=3, TRANSACTION_TYPE=3000, TIME=5, AMOUNT=2599
UPDATE BANK/def/SYSTEM_VALUES SYSTEM_VALUES_ID=0, VALUE=2267
UPDATE BANK/def/ACCOUNT ACCOUNT_ID=9, BALANCE=7399
INSERT BANK/def/TRANSACTION TRANSACTION_ID=2267, ACCOUNT=9, TRANSACTION_ID=2267, ACCOUNT=9, ACCOUNT_TYPE=4, OTHER_ACCOUNT=5, TRANSACTION_TYPE=2000, TIME=5, AMOUNT=2792
UPDATE BANK/def/SYSTEM_VALUES SYSTEM_VALUES_ID=0, VALUE=2268
UPDATE BANK/def/ACCOUNT ACCOUNT_ID=0, BALANCE=9689918
UPDATE BANK/def/ACCOUNT ACCOUNT_ID=7, BALANCE=140735
INSERT BANK/def/TRANSACTION TRANSACTION_ID=2268, ACCOUNT=0, TRANSACTION_ID=2268, ACCOUNT=0, ACCOUNT_TYPE=0, OTHER_ACCOUNT=7, TRANSACTION_TYPE=2000, TIME=5, AMOUNT=9367
UPDATE BANK/def/SYSTEM_VALUES SYSTEM_VALUES_ID=0, VALUE=2269
UPDATE BANK/def/ACCOUNT ACCOUNT_ID=0, BALANCE=9697012
INSERT BANK/def/TRANSACTION TRANSACTION_ID=2269, ACCOUNT=1, TRANSACTION_ID=2269, ACCOUNT=1, ACCOUNT_TYPE=1, OTHER_ACCOUNT=0, TRANSACTION_TYPE=2000, TIME=5, AMOUNT=7094
UPDATE BANK/def/SYSTEM_VALUES SYSTEM_VALUES_ID=0, VALUE=2270
UPDATE BANK/def/ACCOUNT ACCOUNT_ID=7, BALANCE=141103
INSERT BANK/def/TRANSACTION TRANSACTION_ID=2270, ACCOUNT=8, TRANSACTION_ID=2270, ACCOUNT=8, ACCOUNT_TYPE=3, OTHER_ACCOUNT=7, TRANSACTION_TYPE=2000, TIME=5, AMOUNT=368
UPDATE BANK/def/SYSTEM_VALUES SYSTEM_VALUES_ID=0, VALUE=2271
INSERT BANK/def/TRANSACTION TRANSACTION_ID=2271, ACCOUNT=5, TRANSACTION_ID=2271, ACCOUNT=5, ACCOUNT_TYPE=1, OTHER_ACCOUNT=2, TRANSACTION_TYPE=2000, TIME=5, AMOUNT=9179
UPDATE BANK/def/SYSTEM_VALUES SYSTEM_VALUES_ID=0, VALUE=2272
UPDATE BANK/def/ACCOUNT ACCOUNT_ID=7, BALANCE=135202
INSERT BANK/def/TRANSACTION TRANSACTION_ID=2272, ACCOUNT=1, TRANSACTION_ID=2272, ACCOUNT=1, ACCOUNT_TYPE=1, OTHER_ACCOUNT=7, TRANSACTION_TYPE=3000, TIME=5, AMOUNT=5901
UPDATE BANK/def/SYSTEM_VALUES SYSTEM_VALUES_ID=0, VALUE=2273
UPDATE BANK/def/SYSTEM_VALUES SYSTEM_VALUES_ID=0, VALUE=2274
UPDATE BANK/def/ACCOUNT ACCOUNT_ID=3, BALANCE=11419
UPDATE BANK/def/SYSTEM_VALUES SYSTEM_VALUES_ID=0, VALUE=2275
UPDATE BANK/def/ACCOUNT ACCOUNT_ID=0, BALANCE=9687229
INSERT BANK/def/TRANSACTION TRANSACTION_ID=2275, ACCOUNT=5, TRANSACTION_ID=2275, ACCOUNT=5, ACCOUNT_TYPE=1, OTHER_ACCOUNT=0, TRANSACTION_TYPE=3000, TIME=5, AMOUNT=9783
UPDATE BANK/def/SYSTEM_VALUES SYSTEM_VALUES_ID=0, VALUE=2276
UPDATE BANK/def/ACCOUNT ACCOUNT_ID=7, BALANCE=139269
UPDATE BANK/def/SYSTEM_VALUES SYSTEM_VALUES_ID=0, VALUE=2277
UPDATE BANK/def/ACCOUNT ACCOUNT_ID=0, BALANCE=9686353
UPDATE BANK/def/ACCOUNT ACCOUNT_ID=3, BALANCE=12295
INSERT BANK/def/TRANSACTION TRANSACTION_ID=2277, ACCOUNT=0, TRANSACTION_ID=2277, ACCOUNT=0, ACCOUNT_TYPE=0, OTHER_ACCOUNT=3, TRANSACTION_TYPE=2000, TIME=5, AMOUNT=876
INSERT BANK/def/TRANSACTION TRANSACTION_ID=2277, ACCOUNT=3, TRANSACTION_ID=2277, ACCOUNT=3, ACCOUNT_TYPE=3, OTHER_ACCOUNT=0, TRANSACTION_TYPE=3000, TIME=5, AMOUNT=876
UPDATE BANK/def/SYSTEM_VALUES SYSTEM_VALUES_ID=0, VALUE=2278
UPDATE BANK/def/ACCOUNT ACCOUNT_ID=3, BALANCE=6227
INSERT BANK/def/TRANSACTION TRANSACTION_ID=2278, ACCOUNT=3, TRANSACTION_ID=2278, ACCOUNT=3, ACCOUNT_TYPE=3, OTHER_ACCOUNT=5, TRANSACTION_TYPE=2000, TIME=5, AMOUNT=6068
INSERT BANK/def/TRANSACTION TRANSACTION_ID=2278, ACCOUNT=5, TRANSACTION_ID=2278, ACCOUNT=5, ACCOUNT_TYPE=1, OTHER_ACCOUNT=3, TRANSACTION_TYPE=3000, TIME=5, AMOUNT=6068
UPDATE BANK/def/SYSTEM_VALUES SYSTEM_VALUES_ID=0, VALUE=2279
UPDATE BANK/def/ACCOUNT ACCOUNT_ID=3, BALANCE=10393
INSERT BANK/def/TRANSACTION TRANSACTION_ID=2279, ACCOUNT=2, TRANSACTION_ID=2279, ACCOUNT=2, ACCOUNT_TYPE=2, OTHER_ACCOUNT=3, TRANSACTION_TYPE=2000, TIME=5, AMOUNT=4166
INSERT BANK/def/TRANSACTION TRANSACTION_ID=2279, ACCOUNT=3, TRANSACTION_ID=2279, ACCOUNT=3, ACCOUNT_TYPE=3, OTHER_ACCOUNT=2, TRANSACTION_TYPE=3000, TIME=5, AMOUNT=4166
UPDATE BANK/def/SYSTEM_VALUES SYSTEM_VALUES_ID=0, VALUE=2280
UPDATE BANK/def/ACCOUNT ACCOUNT_ID=0, BALANCE=9689868
INSERT BANK/def/TRANSACTION TRANSACTION_ID=2280, ACCOUNT=2, TRANSACTION_ID=2280, ACCOUNT=2, ACCOUNT_TYPE=2, OTHER_ACCOUNT=0, TRANSACTION_TYPE=2000, TIME=5, AMOUNT=3515
INSERT BANK/def/TRANSACTION TRANSACTION_ID=2280, ACCOUNT=0, TRANSACTION_ID=2280, ACCOUNT=0, ACCOUNT_TYPE=0, OTHER_ACCOUNT=2, TRANSACTION_TYPE=3000, TIME=5, AMOUNT=3515
UPDATE BANK/def/SYSTEM_VALUES SYSTEM_VALUES_ID=0, VALUE=2281
UPDATE BANK/def/ACCOUNT ACCOUNT_ID=6, BALANCE=140252
UPDATE BANK/def/ACCOUNT ACCOUNT_ID=3, BALANCE=20213
UPDATE BANK/def/SYSTEM_VALUES SYSTEM_VALUES_ID=0, VALUE=2282
UPDATE BANK/def/ACCOUNT ACCOUNT_ID=0, BALANCE=9696176
UPDATE BANK/def/SYSTEM_VALUES SYSTEM_VALUES_ID=0, VALUE=2283
UPDATE BANK/def/ACCOUNT ACCOUNT_ID=3, BALANCE=19508
INSERT BANK/def/TRANSACTION TRANSACTION_ID=2283, ACCOUNT=3, TRANSACTION_ID=2283, ACCOUNT=3, ACCOUNT_TYPE=3, OTHER_ACCOUNT=1, TRANSACTION_TYPE=2000, TIME=5, AMOUNT=705
INSERT BANK/def/TRANSACTION TRANSACTION_ID=2283, ACCOUNT=1, TRANSACTION_ID=2283, ACCOUNT=1, ACCOUNT_TYPE=1, OTHER_ACCOUNT=3, TRANSACTION_TYPE=3000, TIME=5, AMOUNT=705
UPDATE BANK/def/SYSTEM_VALUES SYSTEM_VALUES_ID=0, VALUE=2284
UPDATE BANK/def/ACCOUNT ACCOUNT_ID=9, BALANCE=10191
UPDATE BANK/def/SYSTEM_VALUES SYSTEM_VALUES_ID=0, VALUE=2285
UPDATE BANK/def/ACCOUNT ACCOUNT_ID=0, BALANCE=9694350
UPDATE BANK/def/ACCOUNT ACCOUNT_ID=3, BALANCE=21334
INSERT BANK/def/TRANSACTION TRANSACTION_ID=2285, ACCOUNT=0, TRANSACTION_ID=2285, ACCOUNT=0, ACCOUNT_TYPE=0, OTHER_ACCOUNT=3, TRANSACTION_TYPE=2000, TIME=5, AMOUNT=1826
UPDATE BANK/def/SYSTEM_VALUES SYSTEM_VALUES_ID=0, VALUE=2286
UPDATE BANK/def/ACCOUNT ACCOUNT_ID=0, BALANCE=9686296
UPDATE BANK/def/ACCOUNT ACCOUNT_ID=9, BALANCE=18245
UPDATE BANK/def/SYSTEM_VALUES SYSTEM_VALUES_ID=0, VALUE=2287
UPDATE BANK/def/ACCOUNT ACCOUNT_ID=6, BALANCE=144864
UPDATE BANK/def/SYSTEM_VALUES SYSTEM_VALUES_ID=0, VALUE=2288
UPDATE BANK/def/ACCOUNT ACCOUNT_ID=7, BALANCE=134906
INSERT BANK/def/TRANSACTION TRANSACTION_ID=2288, ACCOUNT=5, TRANSACTION_ID=2288, ACCOUNT=5, ACCOUNT_TYPE=1, OTHER_ACCOUNT=7, TRANSACTION_TYPE=3000, TIME=5, AMOUNT=4363
UPDATE BANK/def/SYSTEM_VALUES SYSTEM_VALUES_ID=0, VALUE=2289
UPDATE BANK/def/ACCOUNT ACCOUNT_ID=6, BALANCE=136024
UPDATE BANK/def/ACCOUNT ACCOUNT_ID=7, BALANCE=143746
INSERT BANK/def/TRANSACTION TRANSACTION_ID=2289, ACCOUNT=6, TRANSACTION_ID=2289, ACCOUNT=6, ACCOUNT_TYPE=1, OTHER_ACCOUNT=7, TRANSACTION_TYPE=2000, TIME=5, AMOUNT=8840
INSERT BANK/def/TRANSACTION TRANSACTION_ID=2289, ACCOUNT=7, TRANSACTION_ID=2289, ACCOUNT=7, ACCOUNT_TYPE=2, OTHER_ACCOUNT=6, TRANSACTION_TYPE=3000, TIME=5, AMOUNT=8840
UPDATE BANK/def/SYSTEM_VALUES SYSTEM_VALUES_ID=0, VALUE=2290
UPDATE BANK/def/ACCOUNT ACCOUNT_ID=0, BALANCE=9679579
UPDATE BANK/def/SYSTEM_VALUES SYSTEM_VALUES_ID=0, VALUE=2291
UPDATE BANK/def/SYSTEM_VALUES SYSTEM_VALUES_ID=0, VALUE=2292
UPDATE BANK/def/ACCOUNT ACCOUNT_ID=7, BALANCE=135273
UPDATE BANK/def/ACCOUNT ACCOUNT_ID=6, BALANCE=144497
UPDATE BANK/def/SYSTEM_VALUES SYSTEM_VALUES_ID=0, VALUE=2293
UPDATE BANK/def/ACCOUNT ACCOUNT_ID=7, BALANCE=130670
INSERT BANK/def/TRANSACTION TRANSACTION_ID=2293, ACCOUNT=7, TRANSACTION_ID=2293, ACCOUNT=7, ACCOUNT_TYPE=2, OTHER_ACCOUNT=8, TRANSACTION_TYPE=2000, TIME=5, AMOUNT=4603
INSERT BANK/def/TRANSACTION TRANSACTION_ID=2293, ACCOUNT=8, TRANSACTION_ID=2293, ACCOUNT=8, ACCOUNT_TYPE=3, OTHER_ACCOUNT=7, TRANSACTION_TYPE=3000, TIME=5, AMOUNT=4603
UPDATE BANK/def/SYSTEM_VALUES SYSTEM_VALUES_ID=0, VALUE=2294
UPDATE BANK/def/ACCOUNT ACCOUNT_ID=3, BALANCE=12508
INSERT BANK/def/TRANSACTION TRANSACTION_ID=2294, ACCOUNT=3, TRANSACTION_ID=2294, ACCOUNT=3, ACCOUNT_TYPE=3, OTHER_ACCOUNT=5, TRANSACTION_TYPE=2000, TIME=5, AMOUNT=8826
INSERT BANK/def/TRANSACTION TRANSACTION_ID=2294, ACCOUNT=5, TRANSACTION_ID=2294, ACCOUNT=5, ACCOUNT_TYPE=1, OTHER_ACCOUNT=3, TRANSACTION_TYPE=3000, TIME=5, AMOUNT=8826
UPDATE BANK/def/SYSTEM_VALUES SYSTEM_VALUES_ID=0, VALUE=2295
INSERT BANK/def/TRANSACTION TRANSACTION_ID=2295, ACCOUNT=4, TRANSACTION_ID=2295, ACCOUNT=4, ACCOUNT_TYPE=4, OTHER_ACCOUNT=1, TRANSACTION_TYPE=2000, TIME=5, AMOUNT=5403
UPDATE BANK/def/SYSTEM_VALUES SYSTEM_VALUES_ID=0, VALUE=2296
UPDATE BANK/def/ACCOUNT ACCOUNT_ID=9, BALANCE=11442
INSERT BANK/def/TRANSACTION TRANSACTION_ID=2296, ACCOUNT=1, TRANSACTION_ID=2296, ACCOUNT=1, ACCOUNT_TYPE=1, OTHER_ACCOUNT=9, TRANSACTION_TYPE=3000, TIME=5, AMOUNT=6803
UPDATE BANK/def/SYSTEM_VALUES SYSTEM_VALUES_ID=0, VALUE=2297
UPDATE BANK/def/ACCOUNT ACCOUNT_ID=3, BALANCE=3049
Printed 0 tuples and 107 log entries to stdout.

NDBT_ProgramExit: 0 - OK

