use test;
drop table if exists t1,t2,t3,t4,t5,t6,t7,t8,t9,t10;
drop table if exists t1_c,t2_c,t3_c,t4_c,t5_c,t6_c,t7_c,t8_c,t9_c,t10_c;
CREATE TABLE `t1_c` (
`capgoaledatta` mediumint(5) unsigned NOT NULL auto_increment,
`goaledatta` char(2) NOT NULL default '',
`maturegarbagefa` varchar(32) NOT NULL default '',
PRIMARY KEY  (`capgoaledatta`,`goaledatta`,`maturegarbagefa`)
) ENGINE=ndbcluster DEFAULT CHARSET=latin1;
INSERT INTO `t1_c` VALUES (2,'3','q3plus.qt'),(400,'4','q3plus.qt'),(1,'3','q3.net'),(3,'4','q3.net'),(3000,'20','threetrees.qt');
CREATE TABLE `t2_c` (
`capgotod` smallint(5) unsigned NOT NULL auto_increment,
`gotod` smallint(5) unsigned NOT NULL default '0',
`goaledatta` char(2) default NULL,
`maturegarbagefa` varchar(32) default NULL,
`descrpooppo` varchar(64) default NULL,
`svcutonsa` varchar(64) NOT NULL default '',
PRIMARY KEY  (`capgotod`),
KEY `i quadaddsvr` (`gotod`)
) ENGINE=ndbcluster DEFAULT CHARSET=latin1;
INSERT INTO `t2_c` VALUES (500,4,'','q3.net','addavp:MK_CASELECTOR=1','postorod rattoaa'),(2,1,'4','','addavp:MK_BRANDTAD=345','REDS Brandtad'),(3,2,'4','q3.net','execorder','fixedRatediPO REDS'),(1,1,'3','','addavp:MK_BRANDTAD=123','TEST Brandtad'),(6,5,'','told.q3.net','addavp:MK_BRANDTAD=123','Brandtad Toldzone'),(4,3,'3','q3.net','addavp:MK_POOLHINT=2','ratedi PO TEST'),(5,0,'',NULL,NULL,'');
CREATE TABLE `t3_c` (
`CapGoaledatta` smallint(5) unsigned NOT NULL default '0',
`capgotod` smallint(5) unsigned NOT NULL default '0',
PRIMARY KEY  (`capgotod`,`CapGoaledatta`)
) ENGINE=ndbcluster DEFAULT CHARSET=latin1 ROW_FORMAT=FIXED;
INSERT INTO `t3_c` VALUES (5,3),(2,4),(5,4),(1,3);
CREATE TABLE `t4_c` (
`capfa` bigint(20) unsigned NOT NULL auto_increment,
`realm` varchar(32) NOT NULL default '',
`authpwchap` varchar(32) default NULL,
`fa` varchar(32) NOT NULL default '',
`payyingatta` tinyint(4) NOT NULL default '0',
`status` char(1) default NULL,
PRIMARY KEY  (`fa`,`realm`),
KEY `capfa` (`capfa`),
KEY `i_quadentity` (`fa`,`realm`)
) ENGINE=ndbcluster DEFAULT CHARSET=latin1;
INSERT INTO `t4_c` VALUES (18,'john.smith','q3.net','dessjohn.smith',0,NULL),(21,'quad_katt_with_brandtad','q3.net','acne',0,NULL),(2200,'quad_katt_carattoaa','q3.net','acne',0,NULL),(26,'436462612809','sqasdt.q3.net','N/A',0,'6'),(19,'john','smith.qt','dessjohn',0,NULL),(33,'436643196120','sqasdt.q3.net','N/A',1,'6'),(28,'436642900019','sqasdt.q3.net','N/A',0,'6'),(30,'436462900209','sqasdt.q3.net','N/A',0,'6'),(16,'436640006666','sqasdt.q3.net','',0,NULL),(19,'dette','el-redun.com','dessdette',0,NULL),(12,'quad_kattPP','q3.net','acne',2,NULL),(14,'436640008888','sqasdt.q3.net','',0,NULL),(29,'463624900028','sqasdt.q3.net','N/A',0,'6'),(15,'436640099099','sqasdt.q3.net','',0,NULL),(13,'pap','q3plus.qt','acne',1,NULL),(19,'436642612091','sqasdt.q3.net','N/A',0,'6'),(12,'quad_katt','q3.net','acne',0,NULL),(11,'quad_kattVK','q3.net','acne',1,NULL),(32000,'463641969502','sqasdt.q3.net','N/A',1,'6'),(20,'joe','q3.net','joedesswd',0,NULL),(290000000,'436642900034','sqasdt.q3.net','N/A',0,'6'),(25,'contind','armerde.qt','acne',1,NULL);
CREATE TABLE `t5_c` (
`capfa` bigint(20) unsigned NOT NULL default '0',
`gotod` smallint(5) unsigned NOT NULL default '0',
`orderutonsa` varchar(64) NOT NULL default '',
PRIMARY KEY  (`capfa`,`gotod`,`orderutonsa`)
) ENGINE=ndbcluster DEFAULT CHARSET=latin1;
INSERT INTO `t5_c` VALUES (21,2,''),(21,1,''),(22,4,'');
CREATE TABLE `t6_c` (
`capfa_parent` bigint(20) unsigned NOT NULL default '0',
`capfa_child` bigint(20) unsigned NOT NULL default '0',
`relatta` smallint(5) unsigned NOT NULL default '0',
PRIMARY KEY  (`capfa_child`,`capfa_parent`,`relatta`)
) ENGINE=ndbcluster DEFAULT CHARSET=latin1;
INSERT INTO `t6_c` VALUES (15,16,0),(19,20,0),(18326932092909551615,30,0),(26,29,0),(18326932092909551615,29,0),(19,18,0),(26,28,0),(12,14,0);
CREATE TABLE `t7_c` (
`dardpo` char(15) NOT NULL default '',
`dardtestard` tinyint(3) unsigned NOT NULL auto_increment,
`FastFA` char(5) NOT NULL default '',
`FastCode` char(6) NOT NULL default '',
`Fastca` char(1) NOT NULL default '',
`Fastmag` char(1) NOT NULL default '',
`Beareratta` char(2) NOT NULL default '',
PRIMARY KEY  (`dardpo`,`dardtestard`)
) ENGINE=ndbcluster DEFAULT CHARSET=latin1;
INSERT INTO `t7_c` VALUES ('2.6.2.4',24,'CECHP','54545','0','0','5'),('2.2.5.4',26,'CANFA','33223','1','1','4'),('4.3.2.4',28,'ITALD','54222','1','0','5'),('129..0.0.eins',28,'G','99999','1','1','5'),('1.1.1.1',24,'AUTPT','32323','0','1','3');
CREATE TABLE `t8_c` (
`kattjame` varchar(32) NOT NULL default '',
`realm` varchar(32) NOT NULL default '',
`realm_entered` varchar(32) NOT NULL default '',
`maturegarbagefa` varchar(32) NOT NULL default '',
`hunderaaarbagefa_parent` varchar(32) NOT NULL default '',
`kattjame_entered` varchar(32) NOT NULL default '',
`hunderaaarbagefa` varchar(32) NOT NULL default '',
`gest` varchar(16) default NULL,
`hassetino` varchar(16) NOT NULL default '',
`aaaproxysessfa` varchar(255) default NULL,
`autologonallowed` char(1) default NULL,
`squardporoot` varchar(15) NOT NULL default '',
`naspo` varchar(15) default NULL,
`beareratta` char(2) default NULL,
`fastCode` varchar(6) default NULL,
`fastFA` varchar(5) default NULL,
`fastca` char(1) default NULL,
`fastmag` char(1) default NULL,
`lastupdate` datetime default NULL,
`hassetistart` datetime NOT NULL default '0000-00-00 00:00:00',
`accthassetitime` int(10) unsigned default NULL,
`acctoutputoctets` bigint(20) unsigned default NULL,
`acctinputoctets` bigint(20) unsigned default NULL,
PRIMARY KEY  (`kattjame`,`hunderaaarbagefa`,`hassetistart`,`hassetino`),
KEY `squardporoot` (`squardporoot`)
) ENGINE=ndbcluster DEFAULT CHARSET=latin1;
INSERT INTO `t8_c` VALUES ('4tt45345235','pap','q3plus.qt','q3plus.qt','q3.net','436643196120','436643196929','8956234534568968','5524595699','uxasmt21.net.acne.qt/481889229462692422','','1.1.1.1','2.2.4.6','4','86989','34','x','x','2012-03-12 12:55:34','2012-12-05 11:20:04',3223433,3369,9565),('4545435545','john','q3.net','q3.net','acne.li','436643196120','436643196929','45345234568968','995696699','uxasmt21.net.acne.qt/481889229462692423','','1.1.1.1','2.2.9.8','2','86989','34','x','x','2012-03-12 11:35:03','2012-12-05 08:50:04',8821923,169,3565),('versteckter_q3net_katt','joe','q3.net','elredun.com','q3.net','436643196120','436643196939','91341234568968','695595699','uxasmt21.net.acne.qt/481889229462692421','','1.1.1.1','2.5.2.5','3','86989','34','x','x','2012-03-12 18:35:04','2012-12-05 12:35:04',1923123,9569,6565);
CREATE TABLE `t9_c` (
`kattjame` varchar(32) NOT NULL default '',
`kattjame_entered` varchar(32) NOT NULL default '',
`realm` varchar(32) NOT NULL default '',
`realm_entered` varchar(32) NOT NULL default '',
`maturegarbagefa` varchar(32) NOT NULL default '',
`hunderaaarbagefa` varchar(32) NOT NULL default '',
`hunderaaarbagefa_parent` varchar(32) NOT NULL default '',
`gest` varchar(16) default NULL,
`hassetino` varchar(16) NOT NULL default '',
`squardporoot` varchar(15) NOT NULL default '',
`naspo` varchar(15) default NULL,
`beareratta` char(2) default NULL,
`fastCode` varchar(6) default NULL,
`fastFA` varchar(5) default NULL,
`fastca` char(1) default NULL,
`fastmag` char(1) default NULL,
`lastupdate` datetime default NULL,
`hassetistart` datetime NOT NULL default '0000-00-00 00:00:00',
`accthassetitime` int(10) unsigned default NULL,
`actcoutpuocttets` bigint(20) unsigned default NULL,
`actinputocctets` bigint(20) unsigned default NULL,
`terminateraste` tinyint(3) unsigned default NULL,
PRIMARY KEY  (`kattjame`,`hunderaaarbagefa`,`hassetistart`,`hassetino`)
) ENGINE=ndbcluster DEFAULT CHARSET=latin1;
INSERT INTO `t9_c` VALUES ('3g4jh8gar2t','joe','q3.net','elredun.com','q3.net','436643316120','436643316939','91341234568968','695595699','1.1.1.1','2.2.6.2','3','86989','34','x','x','2012-03-12 18:35:04','2012-12-05 12:35:04',3123123,9569,6565,1),('4tt45345235','pap','q3plus.qt','q3plus.qt','q3.net','436643316120','436643316939','8956234534568968','5254595969','1.1.1.1','8.6.2.2','4','86989','34','x','x','2012-03-12 12:55:34','2012-12-05 11:20:04',3223433,3369,9565,2),('4545435545','john','q3.net','q3.net','acne.li','436643316120','436643316939','45345234568968','995696699','1.1.1.1','2.9.9.2','2','86998','34','x','x','2012-03-12 11:35:03','2012-12-05 08:50:04',8823123,169,3565,3);
CREATE TABLE t10_c (a INT AUTO_INCREMENT KEY) ENGINE=ndbcluster DEFAULT CHARSET=latin1;
INSERT INTO t10_c VALUES (1),(2),(3);
insert into t10_c values (10000),(2000),(3000);
CREATE TABLE t11_c (a int, b00 int null, b01 int null,b02 int null,b03 int null,b04 int null,b05 int null,b06 int null,b07 int null,b08 int null,b90 int null,b10 int null,b11 int null,b12 int null,b13 int null,b14 int null,b15 int null,b16 int null,b17 int null,b18 int null,b19 int null,b20 int null,b21 int null,b22 int null,b23 int null,b24 int null,b25 int null,b26 int null,b27 int null,b28 int null,b29 int null,b30 int null,b31 int null,b32 int null) engine = ndb;
insert into t11_c values (1,1,1,1,1,1,1,1,1,1,1,1,1,1,1,1,1,1,1,1,1,1,1,1,1,1,1,1,1,1,1,1,1,1);
create table t1 engine=myisam as select * from t1_c;
create table t2 engine=myisam as select * from t2_c;
create table t3 engine=myisam as select * from t3_c;
create table t4 engine=myisam as select * from t4_c;
create table t5 engine=myisam as select * from t5_c;
create table t6 engine=myisam as select * from t6_c;
create table t7 engine=myisam as select * from t7_c;
create table t8 engine=myisam as select * from t8_c;
create table t9 engine=myisam as select * from t9_c;
create table t10 engine=myisam as select * from t10_c;
create table t11 engine=myisam as select * from t11_c;
ForceVarPart: 0
ForceVarPart: 1
CREATE TEMPORARY TABLE IF NOT EXISTS test.backup_info (id INT, backup_id INT) ENGINE = HEAP;
DELETE FROM test.backup_info;
LOAD DATA INFILE '../tmp.dat' INTO TABLE test.backup_info FIELDS TERMINATED BY ',';
SELECT @the_backup_id:=backup_id FROM test.backup_info;
@the_backup_id:=backup_id
<the_backup_id>
DROP TABLE test.backup_info;
drop table t1_c,t2_c,t3_c,t4_c,t5_c,t6_c,t7_c,t8_c,t9_c,t10_c,t11_c;
ForceVarPart: 0
ForceVarPart: 1
select * from information_schema.columns where table_name = "t1_c";
TABLE_CATALOG	TABLE_SCHEMA	TABLE_NAME	COLUMN_NAME	ORDINAL_POSITION	COLUMN_DEFAULT	IS_NULLABLE	DATA_TYPE	CHARACTER_MAXIMUM_LENGTH	CHARACTER_OCTET_LENGTH	NUMERIC_PRECISION	NUMERIC_SCALE	CHARACTER_SET_NAME	COLLATION_NAME	COLUMN_TYPE	COLUMN_KEY	EXTRA	PRIVILEGES	COLUMN_COMMENT	STORAGE	FORMAT
NULL	test	t1_c	capgoaledatta	1	NULL	NO	mediumint	NULL	NULL	7	0	NULL	NULL	mediumint(5) unsigned	PRI	auto_increment	#		Default	Default
NULL	test	t1_c	goaledatta	2		NO	char	2	2	NULL	NULL	latin1	latin1_swedish_ci	char(2)	PRI		#		Default	Default
NULL	test	t1_c	maturegarbagefa	3		NO	varchar	32	32	NULL	NULL	latin1	latin1_swedish_ci	varchar(32)	PRI		#		Default	Default
select count(*) from t1;
count(*)
5
select count(*) from t1_c;
count(*)
5
select count(*)
from (select * from t1 union 
select * from t1_c) a;
count(*)
5
select count(*) from t2;
count(*)
7
select count(*) from t2_c;
count(*)
7
select count(*)
from (select * from t2 union 
select * from t2_c) a;
count(*)
7
select count(*) from t3;
count(*)
4
select count(*) from t3_c;
count(*)
4
select count(*)
from (select * from t3 union 
select * from t3_c) a;
count(*)
4
select count(*) from t4;
count(*)
22
select count(*) from t4_c;
count(*)
22
select count(*)
from (select * from t4 union 
select * from t4_c) a;
count(*)
22
select count(*) from t5;
count(*)
3
select count(*) from t5_c;
count(*)
3
select count(*)
from (select * from t5 union 
select * from t5_c) a;
count(*)
3
select count(*) from t6;
count(*)
8
select count(*) from t6_c;
count(*)
8
select count(*)
from (select * from t6 union 
select * from t6_c) a;
count(*)
8
select count(*) from t7;
count(*)
5
select count(*) from t7_c;
count(*)
5
select count(*)
from (select * from t7 union 
select * from t7_c) a;
count(*)
5
select count(*) from t8;
count(*)
3
select count(*) from t8_c;
count(*)
3
select count(*)
from (select * from t8 union 
select * from t8_c) a;
count(*)
3
select count(*) from t9;
count(*)
3
select count(*) from t9_c;
count(*)
3
select count(*)
from (select * from t9 union 
select * from t9_c) a;
count(*)
3
select count(*) from t10;
count(*)
6
select count(*) from t10_c;
count(*)
6
select count(*)
from (select * from t10 union 
select * from t10_c) a;
count(*)
6
select count(*) from t11;
count(*)
1
select count(*) from t11_c;
count(*)
1
select count(*)
from (select * from t11 union 
select * from t11_c) a;
count(*)
1
select * from t10_c order by a;
a
1
2
3
2000
3000
10000
select max(capgoaledatta) from t1_c;
max(capgoaledatta)
3000
select auto_increment from information_schema.tables
where table_name = 't1_c';
auto_increment
3001
select max(capgotod) from t2_c;
max(capgotod)
500
select auto_increment from information_schema.tables
where table_name = 't2_c';
auto_increment
501
select max(capfa) from t4_c;
max(capfa)
290000000
select auto_increment from information_schema.tables
where table_name = 't4_c';
auto_increment
290000001
select max(dardtestard) from t7_c;
max(dardtestard)
28
select auto_increment from information_schema.tables
where table_name = 't7_c';
auto_increment
29
select max(a) from t10_c;
max(a)
10000
select auto_increment from information_schema.tables
where table_name = 't10_c';
auto_increment
10001
ALTER TABLE t7_c
PARTITION BY LINEAR KEY (`dardtestard`);
CREATE TEMPORARY TABLE IF NOT EXISTS test.backup_info (id INT, backup_id INT) ENGINE = HEAP;
DELETE FROM test.backup_info;
LOAD DATA INFILE '../tmp.dat' INTO TABLE test.backup_info FIELDS TERMINATED BY ',';
SELECT @the_backup_id:=backup_id FROM test.backup_info;
@the_backup_id:=backup_id
<the_backup_id>
DROP TABLE test.backup_info;
drop table t1_c,t2_c,t3_c,t4_c,t5_c,t6_c,t7_c,t8_c,t9_c,t10_c,t11_c;
select count(*) from t1;
count(*)
5
select count(*) from t1_c;
count(*)
5
select count(*)
from (select * from t1 union 
select * from t1_c) a;
count(*)
5
select count(*) from t2;
count(*)
7
select count(*) from t2_c;
count(*)
7
select count(*)
from (select * from t2 union 
select * from t2_c) a;
count(*)
7
select count(*) from t3;
count(*)
4
select count(*) from t3_c;
count(*)
4
select count(*)
from (select * from t3 union 
select * from t3_c) a;
count(*)
4
select count(*) from t4;
count(*)
22
select count(*) from t4_c;
count(*)
22
select count(*)
from (select * from t4 union 
select * from t4_c) a;
count(*)
22
select count(*) from t5;
count(*)
3
select count(*) from t5_c;
count(*)
3
select count(*)
from (select * from t5 union 
select * from t5_c) a;
count(*)
3
select count(*) from t6;
count(*)
8
select count(*) from t6_c;
count(*)
8
select count(*)
from (select * from t6 union 
select * from t6_c) a;
count(*)
8
select count(*) from t7;
count(*)
5
select count(*) from t7_c;
count(*)
5
select count(*)
from (select * from t7 union 
select * from t7_c) a;
count(*)
5
select count(*) from t8;
count(*)
3
select count(*) from t8_c;
count(*)
3
select count(*)
from (select * from t8 union 
select * from t8_c) a;
count(*)
3
select count(*) from t9;
count(*)
3
select count(*) from t9_c;
count(*)
3
select count(*)
from (select * from t9 union 
select * from t9_c) a;
count(*)
3
select count(*) from t10;
count(*)
6
select count(*) from t10_c;
count(*)
6
select count(*)
from (select * from t10 union 
select * from t10_c) a;
count(*)
6
select count(*) from t11;
count(*)
1
select count(*) from t11_c;
count(*)
1
select count(*)
from (select * from t11 union 
select * from t11_c) a;
count(*)
1
drop table t1_c,t2_c,t3_c,t4_c,t5_c,t6_c,t7_c,t8_c,t9_c,t10_c,t11_c;
select count(*) from t1;
count(*)
5
select count(*) from t1_c;
count(*)
5
select count(*)
from (select * from t1 union 
select * from t1_c) a;
count(*)
5
select count(*) from t2;
count(*)
7
select count(*) from t2_c;
count(*)
7
select count(*)
from (select * from t2 union 
select * from t2_c) a;
count(*)
7
select count(*) from t3;
count(*)
4
select count(*) from t3_c;
count(*)
4
select count(*)
from (select * from t3 union 
select * from t3_c) a;
count(*)
4
select count(*) from t4;
count(*)
22
select count(*) from t4_c;
count(*)
22
select count(*)
from (select * from t4 union 
select * from t4_c) a;
count(*)
22
select count(*) from t5;
count(*)
3
select count(*) from t5_c;
count(*)
3
select count(*)
from (select * from t5 union 
select * from t5_c) a;
count(*)
3
select count(*) from t6;
count(*)
8
select count(*) from t6_c;
count(*)
8
select count(*)
from (select * from t6 union 
select * from t6_c) a;
count(*)
8
select count(*) from t7;
count(*)
5
select count(*) from t7_c;
count(*)
5
select count(*)
from (select * from t7 union 
select * from t7_c) a;
count(*)
5
select count(*) from t8;
count(*)
3
select count(*) from t8_c;
count(*)
3
select count(*)
from (select * from t8 union 
select * from t8_c) a;
count(*)
3
select count(*) from t9;
count(*)
3
select count(*) from t9_c;
count(*)
3
select count(*)
from (select * from t9 union 
select * from t9_c) a;
count(*)
3
select count(*) from t10;
count(*)
6
select count(*) from t10_c;
count(*)
6
select count(*)
from (select * from t10 union 
select * from t10_c) a;
count(*)
6
select count(*) from t11;
count(*)
1
select count(*) from t11_c;
count(*)
1
select count(*)
from (select * from t11 union 
select * from t11_c) a;
count(*)
1
drop table t1_c,t3_c,t4_c,t5_c,t6_c,t7_c,t8_c,t9_c,t10_c,t11_c;
CREATE TEMPORARY TABLE IF NOT EXISTS test.backup_info (id INT, backup_id INT) ENGINE = HEAP;
DELETE FROM test.backup_info;
LOAD DATA INFILE '../tmp.dat' INTO TABLE test.backup_info FIELDS TERMINATED BY ',';
SELECT @the_backup_id:=backup_id FROM test.backup_info;
@the_backup_id:=backup_id
<the_backup_id>
DROP TABLE test.backup_info;
CREATE TABLE t11_c (
c1 int primary key, c2 char(10), c3 varchar(10)
) ENGINE=ndbcluster DEFAULT CHARSET=latin1;
CREATE TABLE t12_c (
c1 int primary key, c2 char(10), c3 varchar(10)
) ENGINE=ndbcluster DEFAULT CHARSET=latin1;
INSERT INTO t11_c VALUES(1, "aaaaa", "bbbbb"), (2, "ccccc", "ddddd"), (3, "eeeee","fffff");
INSERT INTO t12_c VALUES(4, "ggggg", "hhhhh"), (5, "iiiii", "jjjjj"), (6, "kkkkk","lllll");
CREATE TEMPORARY TABLE IF NOT EXISTS test.backup_info (id INT, backup_id INT) ENGINE = HEAP;
DELETE FROM test.backup_info;
LOAD DATA INFILE '../tmp.dat' INTO TABLE test.backup_info FIELDS TERMINATED BY ',';
SELECT @the_backup_id:=backup_id FROM test.backup_info;
@the_backup_id:=backup_id
<the_backup_id>
DROP TABLE test.backup_info;
drop table t2_c,t11_c,t12_c;
SELECT * FROM t11_c ORDER BY c1;
c1	c2	c3
1	aaaaa	bbbbb
2	ccccc	ddddd
3	eeeee	fffff
drop table if exists t1,t2,t3,t4,t5,t6,t7,t8,t9,t10,t11;
drop table if exists t2_c,t11_c,t12_c;
520093696,<the_backup_id>
select epoch from mysql.ndb_apply_status where server_id=0;
epoch
331
select epoch from mysql.ndb_apply_status where server_id=0;
epoch
151
select epoch > (1 << 32) from mysql.ndb_apply_status where server_id=0;
epoch > (1 << 32)
1
*************************************
Creating various databases and tables
************************************* 
create database db1;
create database db2;
use db1;
create table tab1 (a int primary key) engine=ndb;
create table tab2 (a int primary key, 
b varchar(20), 
c int, 
d text, 
unique(c)) engine=ndb;
insert into tab1 values (1),(2),(3),(4),(5),(6),(7),(8),(9),(0);
insert into tab2 values (1, "Donnington", 1, repeat("O", 1000)), 
(2, "Basingstoke", 2, repeat("P", 1000)), 
(3, "George", 3, repeat("Q", 1000)),
(4, "Spottiswoode", 4, repeat("R", 1000)),
(5, "Sciennes", 5, repeat("S", 1000)),
(6, "Cairns", 6, repeat("T", 1000)),
(7, "Highlea", 7, repeat("U", 1000));
checksum table tab1;
Table	Checksum
db1.tab1	994088853
checksum table tab2;
Table	Checksum
db1.tab2	1516475923
use db2;
create table tab1 (a int primary key) engine=ndb;
create table tab2 (a int primary key, b varchar(20), c int, unique(c), d text) engine=ndb;
insert into tab1 select * from db1.tab1;
insert into tab2 select * from db1.tab2;
checksum table tab1;
Table	Checksum
db2.tab1	994088853
checksum table tab2;
Table	Checksum
db2.tab2	1516475923
***********************
Backing up created data
***********************
CREATE TEMPORARY TABLE IF NOT EXISTS test.backup_info (id INT, backup_id INT) ENGINE = HEAP;
DELETE FROM test.backup_info;
LOAD DATA INFILE '../tmp.dat' INTO TABLE test.backup_info FIELDS TERMINATED BY ',';
SELECT @the_backup_id:=backup_id FROM test.backup_info;
@the_backup_id:=backup_id
<the_backup_id>
DROP TABLE test.backup_info;
drop table db1.tab1, db1.tab2, db2.tab1, db2.tab2;
**************************************
Check various include/exclude variants
**************************************
Normal full restore
use db1;
show tables;
Tables_in_db1
tab2
tab1
checksum table tab1, tab2;
Table	Checksum
db1.tab1	994088853
db1.tab2	1516475923
use db2;
show tables;
Tables_in_db2
tab2
tab1
checksum table tab1, tab2;
Table	Checksum
db2.tab1	994088853
db2.tab2	1516475923
drop table db1.tab1, db1.tab2, db2.tab1, db2.tab2;
****************
Include only db2
****************
use db1;
show tables;
Tables_in_db1
use db2;
show tables;
Tables_in_db2
tab2
tab1
checksum table tab1, tab2;
Table	Checksum
db2.tab1	994088853
db2.tab2	1516475923
drop table db2.tab1, db2.tab2;
****************
Exclude only db2
****************
use db1;
show tables;
Tables_in_db1
tab2
tab1
checksum table tab1, tab2;
Table	Checksum
db1.tab1	994088853
db1.tab2	1516475923
use db2;
show tables;
Tables_in_db2
drop table db1.tab1, db1.tab2;
************
Exclude both
************
use db1;
show tables;
Tables_in_db1
use db2;
show tables;
Tables_in_db2
**********************************
Include only db1.tab1 and db2.tab2
**********************************
use db1;
show tables;
Tables_in_db1
tab1
checksum table tab1;
Table	Checksum
db1.tab1	994088853
use db2;
show tables;
Tables_in_db2
tab2
checksum table tab2;
Table	Checksum
db2.tab2	1516475923
drop table db1.tab1, db2.tab2;
*****************************
Exclude db1.tab1 and db2.tab2
*****************************
Should result in db1.tab2 and db2.tab1 being restored
use db1;
show tables;
Tables_in_db1
tab2
checksum table tab2;
Table	Checksum
db1.tab2	1516475923
use db2;
show tables;
Tables_in_db2
tab1
checksum table tab1;
Table	Checksum
db2.tab1	994088853
drop table db1.tab2, db2.tab1;
********************************* 
Include db1.tab1, but exclude db1
*********************************
Should result in only db1.tab1 being restored
use db1;
show tables;
Tables_in_db1
tab1
checksum table tab1;
Table	Checksum
db1.tab1	994088853
use db2;
show tables;
Tables_in_db2
drop table db1.tab1;
*********************************
Exclude db1.tab1, but include db1
*********************************
Should result in only db1.tab2 being restored
use db1;
show tables;
Tables_in_db1
tab2
checksum table tab2;
Table	Checksum
db1.tab2	1516475923
use db2;
show tables;
Tables_in_db2
drop table db1.tab2;
**************************************
Exclude db1.tab1, and include db1.tab1
**************************************
Should result in db1.tab1 only restored.
use db1;
show tables;
Tables_in_db1
tab1
checksum table tab1;
Table	Checksum
db1.tab1	994088853
use db2;
show tables;
Tables_in_db2
drop table db1.tab1;
****************************
Exclude db2, and include db2
****************************
Should result in db2 only restored.
use db1;
show tables;
Tables_in_db1
use db2;
show tables;
Tables_in_db2
tab2
tab1
checksum table tab1, tab2;
Table	Checksum
db2.tab1	994088853
db2.tab2	1516475923
drop table db2.tab1, db2.tab2;
*********************************
Include db1, and include db2.tab1
*********************************
Should result in db2.tab1 only restored.
use db1;
show tables;
Tables_in_db1
use db2;
show tables;
Tables_in_db2
tab1
checksum table tab1;
Table	Checksum
db2.tab1	994088853
drop table db2.tab1;
************************
Include unknown database
************************
Should result in nothing restored
show databases;
Database
information_schema
db1
db2
mysql
test
use db1;
show tables;
Tables_in_db1
use db2;
show tables;
Tables_in_db2
*********************
Exclude unknown table
*********************
Should result in everything restored
show databases;
Database
information_schema
db1
db2
mysql
test
use db1;
show tables;
Tables_in_db1
tab2
tab1
checksum table tab1, tab2;
Table	Checksum
db1.tab1	994088853
db1.tab2	1516475923
use db2;
show tables;
Tables_in_db2
tab2
tab1
checksum table tab1, tab2;
Table	Checksum
db2.tab1	994088853
db2.tab2	1516475923
drop table db1.tab1, db1.tab2;
drop table db2.tab1, db2.tab2;
*********************************************
Check that last argument of each type is used
*********************************************
Should result in just db1.tab2 restored.
use db1;
show tables;
Tables_in_db1
tab2
checksum table tab2;
Table	Checksum
db1.tab2	1516475923
use db2;
show tables;
Tables_in_db2
drop table db1.tab2;
drop database db1;
drop database db2;
