####################################
# SETUP
####################################
CREATE DATABASE statements_digest;
USE statements_digest;
CREATE TABLE t1(a int);
CREATE TABLE t2(a int);
CREATE TABLE t3(a int, b int);
CREATE TABLE t4(a int, b int);
CREATE TABLE t5(a int, b int, c int);
CREATE TABLE t6(a int, b int, c int, d int);
CREATE TABLE t11 (c CHAR(4));
CREATE TABLE t12 (c CHAR(4));
SELECT * FROM performance_schema.setup_consumers;
NAME	ENABLED
events_stages_current	YES
events_stages_history	YES
events_stages_history_long	YES
events_statements_current	NO
events_statements_history	YES
events_statements_history_long	YES
events_waits_current	YES
events_waits_history	YES
events_waits_history_long	YES
global_instrumentation	YES
thread_instrumentation	YES
statements_digest	YES
TRUNCATE TABLE performance_schema.events_statements_summary_by_digest;
####################################
# EXECUTION
####################################
SELECT 1 FROM t1;
1
SELECT 1 FROM `t1`;
1
SELECT 1,2 FROM t1;
1	2
SELECT 1, 2, 3, 4 FROM t1;
1	2	3	4
SELECT 1 FROM t2;
1
SELECT 1,2 FROM t2;
1	2
SELECT 1, 2, 3, 4 FROM t2;
1	2	3	4
INSERT INTO t1 VALUES (1);
INSERT INTO t2 VALUES (1);
INSERT INTO t3 VALUES (1, 2);
INSERT INTO t4 VALUES (1, 2);
INSERT INTO t5 VALUES (1, 2, 3);
INSERT INTO t1 VALUES (1), (2), (3);
INSERT INTO t1 VALUES (1), (2), (3), (4);
INSERT INTO t3 VALUES (1, 2), (3, 4), (5, 6);
INSERT INTO t5 VALUES (1, 2, 3), (4, 5, 6), (7, 8, 9);
INSERT INTO t1 VALUES (NULL);
INSERT INTO t3 VALUES (NULL,NULL);
INSERT INTO t3 VALUES (1,NULL);
INSERT INTO t3 VALUES (NULL,1);
INSERT INTO t6 VALUES (NULL, NULL, NULL, NULL);
INSERT INTO t6 VALUES (1, NULL, NULL, NULL);
INSERT INTO t6 VALUES (NULL, 2, NULL, NULL);
INSERT INTO t6 VALUES (1, 2, 3, NULL);
INSERT INTO t6 VALUES (1, 2, NULL, 4);
SELECT                                          1           +        1;
1           +        1
2
SELECT 1;
1
1
SELECT 1 /* This is an inline comment */ + 1;
1 /* This is an inline comment */ + 1
2
SELECT 1+
/*
this is a
multiple-line comment
*/
1;
1+
/*
this is a
multiple-line comment
*/
1
2
CREATE SCHEMA statements_digest_temp;
DROP SCHEMA statements_digest_temp;
CREATE DATABASE statements_digest_temp;
DROP DATABASE statements_digest_temp;
SELECT 1 FROM no_such_table;
ERROR 42S02: Table 'statements_digest.no_such_table' doesn't exist
CREATE TABLE dup_table (c char(4));
CREATE TABLE dup_table (c char(4));
ERROR 42S01: Table 'dup_table' already exists
DROP TABLE dup_table;
INSERT INTO t11 VALUES("MySQL");
Warnings:
Warning	1265	Data truncated for column 'c' at row 1
PREPARE stmt FROM "SELECT * FROM t12";
EXECUTE stmt;
c
EXECUTE stmt;
c
DEALLOCATE PREPARE stmt;
CREATE PROCEDURE p1() BEGIN SELECT * FROM t12; END//
CALL p1();
c
CALL p1();
c
DROP PROCEDURE p1;
CREATE FUNCTION `func`(a INT, b INT) RETURNS int(11) RETURN a+b //
select func(3,4);
func(3,4)
7
select func(13,42);
func(13,42)
55
DROP FUNCTION func;
CREATE TRIGGER trg BEFORE INSERT ON t12 FOR EACH ROW SET @a:=1;
INSERT INTO t12 VALUES ("abc");
INSERT INTO t12 VALUES ("def");
DROP TRIGGER trg;
####################################
# QUERYING PS STATEMENT DIGEST
####################################
SELECT digest, digest_text, count_star FROM performance_schema.events_statements_summary_by_digest;
digest	digest_text	count_star
6c4650f18d00d7f69763f7c1836e872e	TRUNCATE TABLE performance_schema . events_statements_summary_by_digest  	1
3ca227d9ea7901f7904e8971f9ca5fa6	SELECT ? FROM t1  	1
93af78150d21009269e1ede0bf35bbbd	SELECT ? FROM `t1`  	1
7d5cf77999f01ea25a8f14f7193d5e86	SELECT ?, ... FROM t1  	2
1e2d9ccb8ce1e80157c7d0f27c7a36db	SELECT ? FROM t2  	1
c3bbc9546db9594cdd31a257d1f1555d	SELECT ?, ... FROM t2  	2
1a9973ace0b02e91f853c9f0245a157c	INSERT INTO t1 VALUES (?)  	1
7ff8e95d0dc90672900fb5f136aa8bdb	INSERT INTO t2 VALUES (?)  	1
56c4b893720324af0d34de53669ac4d9	INSERT INTO t3 VALUES (...)  	4
5e8930113dd40c90ad34ba3e0f203bff	INSERT INTO t4 VALUES (...)  	1
07c5739724be7f315da4fbc1fdc08bbc	INSERT INTO t5 VALUES (...)  	1
06adc836be4583c2a64a2f422c603e6b	INSERT INTO t1 VALUES (?) /* , ... */  	2
c66f4b27ba79f7d61705e7f45c0af008	INSERT INTO t3 VALUES (...) /* , ... */  	1
bfb370d2220106457192239392458504	INSERT INTO t5 VALUES (...) /* , ... */  	1
28003b9873d7c7d721cc6f88194a433c	INSERT INTO t1 VALUES ( NULL )  	1
31ea0b2e54f4d2da11045928f6df6ff7	INSERT INTO t6 VALUES (...)  	5
bcb3fc3aa0ea73f20809e6525d41b95b	SELECT ? + ?  	3
651e639ea4fee3b3dbee7f6f9fd44ca0	SELECT ?  	1
7d2a54e6edd2117b661078941415d492	CREATE SCHEMA statements_digest_temp  	2
131870b25daddd214b5c200444364bd2	DROP SCHEMA statements_digest_temp  	2
b0fd38c8c8ba0c583fbb4ba8f1700913	SELECT ? FROM no_such_table  	1
82405affe63462139756f46ea36e519d	CREATE TABLE dup_table ( c CHARACTER (?) )  	2
de657b9e0f2a65bbbfe94547ebcfebe5	DROP TABLE dup_table  	1
21ccf832feb3cd3581d472f7225ec046	INSERT INTO t11 VALUES (?)  	1
1965b72c3916198861e7286faeece568	SHOW WARNINGS  	1
9e2523c476f7dadd9300cceb882f434b	PREPARE stmt FROM ?  	1
6d8939f45fc7420164ce88e58a78968e	EXECUTE stmt  	2
3233cf3d73bf0cd5c5cc69fab5b30ddf	DEALLOCATE PREPARE stmt  	1
c11611c72fd535d2491e30c92a46dba2	CREATE PROCEDURE p1 ( ) BEGIN SELECT * FROM t12 ; END  	1
594360f7221c898fb58af64d2867dea5	CALL p1 ( )  	2
ec4a8c0368967dd4d9e4979d63204870	DROP PROCEDURE p1  	1
22af63e8a85ae33a51d39946fa74c537	CREATE FUNCTION `func` ( a INTEGER , b INTEGER ) RETURNS INTEGER (?) RETURN a + b  	1
c08a61e1b30bd73d60a0291fbf80cff0	SELECT func (...)  	2
3df78ea379365800dd19ab9e35c7f8a5	DROP FUNCTION func  	1
5499b14bde826af68fdf34c3c1310f47	CREATE TRIGGER trg BEFORE INSERT ON t12 FOR EACH ROW SET @ ? := ?  	1
8ec19a492733284c1444a7a804286800	INSERT INTO t12 VALUES (?)  	2
25abe6e665794bc331965c048ea0bf5e	DROP TRIGGER trg  	1
SELECT digest, digest_text FROM performance_schema.events_statements_current;
digest	digest_text
####################################
# CLEANUP
####################################
DROP TABLE IF EXISTS t1;
DROP TABLE IF EXISTS t2;
DROP TABLE IF EXISTS t3;
DROP TABLE IF EXISTS t4;
DROP TABLE IF EXISTS t5;
DROP TABLE IF EXISTS t6;
DROP TABLE IF EXISTS t11;
DROP TABLE IF EXISTS t12;
DROP DATABASE IF EXISTS statements_digest;
