####################################
# SETUP
####################################
CREATE DATABASE statements_digest;
USE statements_digest;
CREATE TABLE t1(a int);
CREATE TABLE t2(a int);
CREATE TABLE t3(a int, b int);
CREATE TABLE t4(a int, b int);
CREATE TABLE t5(a int, b int, c int);
CREATE TABLE t6(a int, b int, c int, d int);
SELECT * FROM performance_schema.setup_consumers;
NAME	ENABLED
events_stages_current	YES
events_stages_history	YES
events_stages_history_long	YES
events_statements_current	NO
events_statements_history	YES
events_statements_history_long	YES
events_waits_current	YES
events_waits_history	YES
events_waits_history_long	YES
global_instrumentation	YES
thread_instrumentation	YES
statements_digest	YES
TRUNCATE TABLE performance_schema.events_statements_summary_by_digest;
####################################
# EXECUTION
####################################
SELECT 1 FROM t1;
1
SELECT 1 FROM `t1`;
1
SELECT 1,2 FROM t1;
1	2
SELECT 1, 2, 3, 4 FROM t1;
1	2	3	4
SELECT 1 FROM t2;
1
SELECT 1,2 FROM t2;
1	2
SELECT 1, 2, 3, 4 FROM t2;
1	2	3	4
INSERT INTO t1 VALUES (1);
INSERT INTO t2 VALUES (1);
INSERT INTO t3 VALUES (1, 2);
INSERT INTO t4 VALUES (1, 2);
INSERT INTO t5 VALUES (1, 2, 3);
INSERT INTO t1 VALUES (1), (2), (3);
INSERT INTO t1 VALUES (1), (2), (3), (4);
INSERT INTO t3 VALUES (1, 2), (3, 4), (5, 6);
INSERT INTO t5 VALUES (1, 2, 3), (4, 5, 6), (7, 8, 9);
INSERT INTO t1 VALUES (NULL);
INSERT INTO t3 VALUES (NULL,NULL);
INSERT INTO t3 VALUES (1,NULL);
INSERT INTO t3 VALUES (NULL,1);
INSERT INTO t6 VALUES (NULL, NULL, NULL, NULL);
INSERT INTO t6 VALUES (1, NULL, NULL, NULL);
INSERT INTO t6 VALUES (NULL, 2, NULL, NULL);
INSERT INTO t6 VALUES (1, 2, 3, NULL);
INSERT INTO t6 VALUES (1, 2, NULL, 4);
SELECT                                          1           +        1;
1           +        1
2
SELECT 1;
1
1
SELECT 1 /* This is an inline comment */ + 1;
1 /* This is an inline comment */ + 1
2
SELECT 1+
/*
this is a
multiple-line comment
*/
1;
1+
/*
this is a
multiple-line comment
*/
1
2
CREATE SCHEMA statements_digest_temp;
DROP SCHEMA statements_digest_temp;
CREATE DATABASE statements_digest_temp;
DROP DATABASE statements_digest_temp;
SELECT 1 from t11;
ERROR 42S02: Table 'statements_digest.t11' doesn't exist
create table t11 (c char(4));
create table t11 (c char(4));
ERROR 42S01: Table 't11' already exists
insert into t11 values("MySQL");
Warnings:
Warning	1265	Data truncated for column 'c' at row 1
####################################
# QUERYING PS STATEMENT DIGEST
####################################
SELECT digest, digest_text, count_star FROM performance_schema.events_statements_summary_by_digest;
digest	digest_text	count_star
4eb22e4b4f8466c09804b463e0fc311e	TRUNCATE TABLE performance_schema . events_statements_summary_by_digest  	1
f7494f43417a1ccf8a9c926a2897c4a4	SELECT ? FROM t1  	1
d19ad263f53b57835730e733566fd9bc	SELECT ? FROM `t1`  	1
f697fff26967df5301505907437079fd	SELECT ?, ... FROM t1  	2
3f26ea716bca6899b60661b24a987698	SELECT ? FROM t2  	1
376941705a4158c0dbbcc71e660d8fc9	SELECT ?, ... FROM t2  	2
0d3049bb7cf7ed23b9944085966d3066	INSERT INTO t1 VALUES (?)  	1
e7ef0a231d1c6c4df2e89bafe1e024ff	INSERT INTO t2 VALUES (?)  	1
688b75d0d4f62112e8a0eb13b6c6927e	INSERT INTO t3 VALUES (...)  	4
fcc26964fb32bb57f85101a12efad382	INSERT INTO t4 VALUES (...)  	1
e8d37d33eb3e0ff34ff0e8f4bcc39ed2	INSERT INTO t5 VALUES (...)  	1
ad93034a97072e82e124dafbca16c2c1	INSERT INTO t1 VALUES (?) /* , ... */  	2
fe9e729df5f1f8e67d7c158d0473b210	INSERT INTO t3 VALUES (...) /* , ... */  	1
4f643bc0882fb33c6729d5e4d0e2df1e	INSERT INTO t5 VALUES (...) /* , ... */  	1
04a1558c29fce46cedf6e64170cf0797	INSERT INTO t1 VALUES ( NULL )  	1
b360eed2967413062a724105b27c60be	INSERT INTO t6 VALUES (...)  	5
db9a87c280d8cb6a395361e4f3340920	SELECT ? + ?  	3
6ebf81e28f57a8aabcbf26e17dfaa2c9	SELECT ?  	1
fb40aece1f68b5c3fbaf220bc21ad353	CREATE SCHEMA statements_digest_temp  	2
622ef9323ed99ee165d79477219a693b	DROP SCHEMA statements_digest_temp  	2
ba07b5f94bedf1058519ce5e779a934c	SELECT ? FROM t11  	1
30e5e695a6021fbf00b7ab447d0d1276	CREATE TABLE t11 ( c CHARACTER (?) )  	2
26662768996dee12e3049121ff1a9bab	INSERT INTO t11 VALUES (?)  	1
f2360f0c7c357e6f2ab5c35978c07914	SHOW WARNINGS  	1
SELECT digest, digest_text FROM performance_schema.events_statements_current;
digest	digest_text
####################################
# CLEANUP
####################################
DROP TABLE IF EXISTS t1;
DROP TABLE IF EXISTS t2;
DROP TABLE IF EXISTS t3;
DROP TABLE IF EXISTS t4;
DROP TABLE IF EXISTS t5;
DROP TABLE IF EXISTS t6;
DROP DATABASE IF EXISTS statements_digest;
