####################################
# SETUP
####################################
CREATE DATABASE statements_digest;
USE statements_digest;
CREATE TABLE t1(a int);
CREATE TABLE t2(a int);
CREATE TABLE t3(a int, b int);
CREATE TABLE t4(a int, b int);
CREATE TABLE t5(a int, b int, c int);
TRUNCATE TABLE performance_schema.events_statements_summary_by_digest;
####################################
# EXECUTION
####################################
SELECT 1 FROM t1;
1
SELECT 1 FROM `t1`;
1
SELECT 1,2 FROM t1;
1	2
SELECT 1, 2, 3, 4 FROM t1;
1	2	3	4
SELECT 1 FROM t2;
1
SELECT 1,2 FROM t2;
1	2
SELECT 1, 2, 3, 4 FROM t2;
1	2	3	4
INSERT INTO t1 VALUES (1);
INSERT INTO t2 VALUES (1);
INSERT INTO t3 VALUES (1, 2);
INSERT INTO t4 VALUES (1, 2);
INSERT INTO t5 VALUES (1, 2, 3);
INSERT INTO t1 VALUES (1), (2), (3);
INSERT INTO t1 VALUES (1), (2), (3), (4);
INSERT INTO t3 VALUES (1, 2), (3, 4), (5, 6);
INSERT INTO t5 VALUES (1, 2, 3), (4, 5, 6), (7, 8, 9);
SELECT                                          1           +        1;
1           +        1
2
SELECT 1;
1
1
SELECT 1 /* This is an inline comment */ + 1;
1 /* This is an inline comment */ + 1
2
SELECT 1+
/*
this is a
multiple-line comment
*/
1;
1+
/*
this is a
multiple-line comment
*/
1
2
CREATE SCHEMA statements_digest_temp;
DROP SCHEMA statements_digest_temp;
CREATE DATABASE statements_digest_temp;
DROP DATABASE statements_digest_temp;
SELECT 1 from t11;
ERROR 42S02: Table 'statements_digest.t11' doesn't exist
create table t11 (c char(4));
create table t11 (c char(4));
ERROR 42S01: Table 't11' already exists
insert into t11 values("MySQL");
Warnings:
Warning	1265	Data truncated for column 'c' at row 1
####################################
# QUERYING PS STATEMENT DIGEST
####################################
SELECT DIGEST, DIGEST_TEXT, COUNT_STAR, SUM_ROWS_AFFECTED, SUM_WARNINGS,
SUM_ERRORS FROM performance_schema.events_statements_summary_by_digest;
DIGEST	DIGEST_TEXT	COUNT_STAR	SUM_ROWS_AFFECTED	SUM_WARNINGS	SUM_ERRORS
f7ab835f907f396baeb2c5e6e605929b	TRUNCATE TABLE performance_schema . events_statements_summary_by_digest  	1	0	0	0
0431ac94abde6328653ad7c73f14d029	SELECT ? FROM t1  	1	0	0	0
d798ff4be98e0d2613b5d055f70cec1e	SELECT ? FROM `t1`  	1	0	0	0
d5016618084cd788c9098d2e0260a9f0	SELECT ?, ... FROM t1  	2	0	0	0
6f08c6cdf2afab43864454acffa74758	SELECT ? FROM t2  	1	0	0	0
4fef50eb0b2f2fbc0d6e65c1ce6deeef	SELECT ?, ... FROM t2  	2	0	0	0
c4335f4ded28cdc34f7903b443dcf022	INSERT INTO t1 VALUES (?)  	1	1	0	0
b015c102ab03f4bccdfb32f01589af49	INSERT INTO t2 VALUES (?)  	1	1	0	0
f83d4b46c3fe5ff99035ff92b367422f	INSERT INTO t3 VALUES (...)  	1	1	0	0
b81724d2cfa0ab7f2ba1e05d6bf925ed	INSERT INTO t4 VALUES (...)  	1	1	0	0
960035d85bc6d14f454362580d6e5454	INSERT INTO t5 VALUES (...)  	1	1	0	0
6ee7554974d2ffa1ab5bd9549339e3e5	INSERT INTO t1 VALUES (?) /* , ... */  	2	7	0	0
827ec3eb62c9f2eddd602524a535abcf	INSERT INTO t3 VALUES (...) /* , ... */  	1	3	0	0
55e9e1b918c4e559684d4297de2bdbd9	INSERT INTO t5 VALUES (...) /* , ... */  	1	3	0	0
d055f262b12b2384248d1f132e7b9fea	SELECT ? + ?  	3	0	0	0
de392358e87965c3f5da40056c9629a3	SELECT ?  	1	0	0	0
d8bde89f42443bc5632dfafe3f4c34f7	CREATE SCHEMA statements_digest_temp  	2	2	0	0
5f49c045f89918f9cd317263aa694c53	DROP SCHEMA statements_digest_temp  	2	0	0	0
04bbba67445b1f70cc44467ccc9d2b23	SELECT ? FROM t11  	1	0	0	1
60be4562b0114c30639771d1b123cf00	CREATE TABLE t11 ( c CHARACTER (?) )  	2	0	0	1
b1115cec4d694e118d0ee714c44bb998	INSERT INTO t11 VALUES (?)  	1	1	1	0
2ff7a4150e76c272e5ebf9e66e0ddd10	SHOW WARNINGS  	1	0	0	0
####################################
# CLEANUP
####################################
DROP TABLE IF EXISTS t1;
DROP TABLE IF EXISTS t2;
DROP TABLE IF EXISTS t3;
DROP TABLE IF EXISTS t4;
DROP TABLE IF EXISTS t5;
DROP DATABASE IF EXISTS statements_digest;
