####################################
# SETUP
####################################
CREATE DATABASE statements_digest;
USE statements_digest;
CREATE TABLE t1(a int);
CREATE TABLE t2(a int);
CREATE TABLE t3(a int, b int);
CREATE TABLE t4(a int, b int);
CREATE TABLE t5(a int, b int, c int);
CREATE TABLE t6(a int, b int, c int, d int);
CREATE TABLE t11 (c CHAR(4));
CREATE TABLE t12 (c CHAR(4));
SELECT * FROM performance_schema.setup_consumers;
NAME	ENABLED
events_stages_current	YES
events_stages_history	YES
events_stages_history_long	YES
events_statements_current	NO
events_statements_history	YES
events_statements_history_long	YES
events_waits_current	YES
events_waits_history	YES
events_waits_history_long	YES
global_instrumentation	YES
thread_instrumentation	YES
statements_digest	YES
TRUNCATE TABLE performance_schema.events_statements_summary_by_digest;
####################################
# EXECUTION
####################################
SELECT 1 FROM t1;
1
SELECT 1 FROM `t1`;
1
SELECT 1,2 FROM t1;
1	2
SELECT 1, 2, 3, 4 FROM t1;
1	2	3	4
SELECT 1 FROM t2;
1
SELECT 1,2 FROM t2;
1	2
SELECT 1, 2, 3, 4 FROM t2;
1	2	3	4
INSERT INTO t1 VALUES (1);
INSERT INTO t2 VALUES (1);
INSERT INTO t3 VALUES (1, 2);
INSERT INTO t4 VALUES (1, 2);
INSERT INTO t5 VALUES (1, 2, 3);
INSERT INTO t1 VALUES (1), (2), (3);
INSERT INTO t1 VALUES (1), (2), (3), (4);
INSERT INTO t3 VALUES (1, 2), (3, 4), (5, 6);
INSERT INTO t5 VALUES (1, 2, 3), (4, 5, 6), (7, 8, 9);
INSERT INTO t1 VALUES (NULL);
INSERT INTO t3 VALUES (NULL,NULL);
INSERT INTO t3 VALUES (1,NULL);
INSERT INTO t3 VALUES (NULL,1);
INSERT INTO t6 VALUES (NULL, NULL, NULL, NULL);
INSERT INTO t6 VALUES (1, NULL, NULL, NULL);
INSERT INTO t6 VALUES (NULL, 2, NULL, NULL);
INSERT INTO t6 VALUES (1, 2, 3, NULL);
INSERT INTO t6 VALUES (1, 2, NULL, 4);
SELECT                                          1           +        1;
1           +        1
2
SELECT 1;
1
1
SELECT 1 /* This is an inline comment */ + 1;
1 /* This is an inline comment */ + 1
2
SELECT 1+
/*
this is a
multiple-line comment
*/
1;
1+
/*
this is a
multiple-line comment
*/
1
2
CREATE SCHEMA statements_digest_temp;
DROP SCHEMA statements_digest_temp;
CREATE DATABASE statements_digest_temp;
DROP DATABASE statements_digest_temp;
SELECT 1 FROM no_such_table;
ERROR 42S02: Table 'statements_digest.no_such_table' doesn't exist
CREATE TABLE dup_table (c char(4));
CREATE TABLE dup_table (c char(4));
ERROR 42S01: Table 'dup_table' already exists
DROP TABLE dup_table;
INSERT INTO t11 VALUES("MySQL");
Warnings:
Warning	1265	Data truncated for column 'c' at row 1
PREPARE stmt FROM "SELECT * FROM t12";
EXECUTE stmt;
c
EXECUTE stmt;
c
DEALLOCATE PREPARE stmt;
CREATE PROCEDURE p1() BEGIN SELECT * FROM t12; END//
CALL p1();
c
CALL p1();
c
DROP PROCEDURE p1;
CREATE FUNCTION `func`(a INT, b INT) RETURNS int(11) RETURN a+b //
select func(3,4);
func(3,4)
7
select func(13,42);
func(13,42)
55
DROP FUNCTION func;
CREATE TRIGGER trg BEFORE INSERT ON t12 FOR EACH ROW SET @a:=1;
INSERT INTO t12 VALUES ("abc");
INSERT INTO t12 VALUES ("def");
DROP TRIGGER trg;
####################################
# QUERYING PS STATEMENT DIGEST
####################################
SELECT digest, digest_text, count_star FROM performance_schema.events_statements_summary_by_digest;
digest	digest_text	count_star
1513c265ebb2eb8b588555f74fb52654	TRUNCATE TABLE performance_schema . events_statements_summary_by_digest 	1
4d9ddbec35da557983cac0d20f030241	SELECT ? FROM t1 	1
d49761270d88f3278f3a86d977be0ee4	SELECT ? FROM `t1` 	1
83ab2abfe57f69fad4f4221e3bba1bf6	SELECT ?, ... FROM t1 	2
286ce7fecd0fce12f52ec596a3572ee2	SELECT ? FROM t2 	1
7d641b198d4ce38170835ab4b37828eb	SELECT ?, ... FROM t2 	2
05b5c6289fc783786bd2ab2e75d3c68a	INSERT INTO t1 VALUES (?) 	1
c9648dd27afd471a562d1d24233492d6	INSERT INTO t2 VALUES (?) 	1
4dc4927b4c767f8a0a2337280bfef919	INSERT INTO t3 VALUES (...) 	4
49ca58a3b79d2e22bf60f7a3cd7d2842	INSERT INTO t4 VALUES (...) 	1
63d4512a3b3c90f700a61aaa50706bfd	INSERT INTO t5 VALUES (...) 	1
acb8c64b2d1f06f87de5dda4f8a0d699	INSERT INTO t1 VALUES (?) /* , ... */ 	2
a91b8d1200a3c4e663908c524e0cf817	INSERT INTO t3 VALUES (...) /* , ... */ 	1
8cef1cdc4eb512fd1be0e8095c3bd50d	INSERT INTO t5 VALUES (...) /* , ... */ 	1
bc63e60ae51272f1553ae20a3f4a9080	INSERT INTO t1 VALUES ( NULL ) 	1
1866cce53857f587d97467bc6da4cf42	INSERT INTO t6 VALUES (...) 	5
571cb93d7a8a62e4cb887db9812ffec9	SELECT ? + ? 	3
3f359a617c0f085f0e1f309daba15ce8	SELECT ? 	1
7c5b403e11cb8fa41954f8b81d47fb44	CREATE SCHEMA statements_digest_temp 	2
d5c2a9eedc964698407667a633301e69	DROP SCHEMA statements_digest_temp 	2
5d928282690524113cf512f7c00f941a	SELECT ? FROM no_such_table 	1
e27fee64c8c176473ec2d402e6cc9639	CREATE TABLE dup_table ( c CHARACTER (?) ) 	2
af7869e774c48ba439c29741410bb038	DROP TABLE dup_table 	1
d8d1aeda048436ebdae78b76a517b5da	INSERT INTO t11 VALUES (?) 	1
adc730b93fc0e66a86947133144afbc7	SHOW WARNINGS 	1
4c887a674432f8a15516296dec37fed3	PREPARE stmt FROM ? 	1
e53b71815168ad954fd921a6ae1860c9	EXECUTE stmt 	2
3bccf5096186ceaf50c11c3deb4e21cf	DEALLOCATE PREPARE stmt 	1
e20f8d5cb15105439af39592b79c0edd	CREATE PROCEDURE p1 ( ) BEGIN SELECT * FROM t12 ; END 	1
10298a45c9f7114e4985de53ca99bda7	CALL p1 ( ) 	2
efc046c5d04acb8afa61326f759ad380	DROP PROCEDURE p1 	1
2670a95e9292db3a359d1b6ec542d4d7	CREATE FUNCTION `func` ( a INTEGER , b INTEGER ) RETURNS INTEGER (?) RETURN a + b 	1
3b77314e66109a617d93f153f7750dd9	SELECT func (...) 	2
88e7ac9784e4561d12fadccde6ea704a	DROP FUNCTION func 	1
bec7f6ad7bd35858aa18f2bd5c09684a	CREATE TRIGGER trg BEFORE INSERT ON t12 FOR EACH ROW SET @ ? := ? 	1
f31ac4ae5cb365deceea1d6267568449	INSERT INTO t12 VALUES (?) 	2
623f48b1b38eb1b3ee884304949a0e55	DROP TRIGGER trg 	1
SELECT digest, digest_text FROM performance_schema.events_statements_current;
digest	digest_text
####################################
# CLEANUP
####################################
DROP TABLE IF EXISTS t1;
DROP TABLE IF EXISTS t2;
DROP TABLE IF EXISTS t3;
DROP TABLE IF EXISTS t4;
DROP TABLE IF EXISTS t5;
DROP TABLE IF EXISTS t6;
DROP TABLE IF EXISTS t11;
DROP TABLE IF EXISTS t12;
DROP DATABASE IF EXISTS statements_digest;
