####################################
# SETUP
####################################
CREATE DATABASE statements_digest;
USE statements_digest;
CREATE TABLE t1(a int);
CREATE TABLE t2(a int);
CREATE TABLE t3(a int, b int);
CREATE TABLE t4(a int, b int);
CREATE TABLE t5(a int, b int, c int);
CREATE TABLE t6(a int, b int, c int, d int);
TRUNCATE TABLE performance_schema.events_statements_summary_by_digest;
####################################
# EXECUTION
####################################
SELECT 1 FROM t1;
1
SELECT 1 FROM `t1`;
1
SELECT 1,2 FROM t1;
1	2
SELECT 1, 2, 3, 4 FROM t1;
1	2	3	4
SELECT 1 FROM t2;
1
SELECT 1,2 FROM t2;
1	2
SELECT 1, 2, 3, 4 FROM t2;
1	2	3	4
INSERT INTO t1 VALUES (1);
INSERT INTO t2 VALUES (1);
INSERT INTO t3 VALUES (1, 2);
INSERT INTO t4 VALUES (1, 2);
INSERT INTO t5 VALUES (1, 2, 3);
INSERT INTO t1 VALUES (1), (2), (3);
INSERT INTO t1 VALUES (1), (2), (3), (4);
INSERT INTO t3 VALUES (1, 2), (3, 4), (5, 6);
INSERT INTO t5 VALUES (1, 2, 3), (4, 5, 6), (7, 8, 9);
INSERT INTO t1 VALUES (NULL);
INSERT INTO t3 VALUES (NULL,NULL);
INSERT INTO t3 VALUES (1,NULL);
INSERT INTO t3 VALUES (NULL,1);
INSERT INTO t6 VALUES (NULL, NULL, NULL, NULL);
INSERT INTO t6 VALUES (1, NULL, NULL, NULL);
INSERT INTO t6 VALUES (NULL, 2, NULL, NULL);
INSERT INTO t6 VALUES (1, 2, 3, NULL);
INSERT INTO t6 VALUES (1, 2, NULL, 4);
SELECT                                          1           +        1;
1           +        1
2
SELECT 1;
1
1
SELECT 1 /* This is an inline comment */ + 1;
1 /* This is an inline comment */ + 1
2
SELECT 1+
/*
this is a
multiple-line comment
*/
1;
1+
/*
this is a
multiple-line comment
*/
1
2
CREATE SCHEMA statements_digest_temp;
DROP SCHEMA statements_digest_temp;
CREATE DATABASE statements_digest_temp;
DROP DATABASE statements_digest_temp;
SELECT 1 from t11;
ERROR 42S02: Table 'statements_digest.t11' doesn't exist
create table t11 (c char(4));
create table t11 (c char(4));
ERROR 42S01: Table 't11' already exists
insert into t11 values("MySQL");
Warnings:
Warning	1265	Data truncated for column 'c' at row 1
####################################
# QUERYING PS STATEMENT DIGEST
####################################
SELECT DIGEST, DIGEST_TEXT, COUNT_STAR, SUM_ROWS_AFFECTED, SUM_WARNINGS,
SUM_ERRORS FROM performance_schema.events_statements_summary_by_digest;
DIGEST	DIGEST_TEXT	COUNT_STAR	SUM_ROWS_AFFECTED	SUM_WARNINGS	SUM_ERRORS
4eb22e4b4f8466c09804b463e0fc311e	TRUNCATE TABLE performance_schema . events_statements_summary_by_digest  	1	0	0	0
34134d104625c823ebdf0896dc1df6ff	SELECT ? FROM t1  	1	0	0	0
0ea88b0dbdaae318aced9de7f8fb44b0	SELECT ? FROM `t1`  	1	0	0	0
0facaf94b54342fe31d209c544b9955f	SELECT ?, ... FROM t1  	2	0	0	0
62232fb4e024b4a72730805b705e638e	SELECT ? FROM t2  	1	0	0	0
27ac4effd8763c5a4ea9a494496b047f	SELECT ?, ... FROM t2  	2	0	0	0
0d3049bb7cf7ed23b9944085966d3066	INSERT INTO t1 VALUES (?)  	1	1	0	0
e7ef0a231d1c6c4df2e89bafe1e024ff	INSERT INTO t2 VALUES (?)  	1	1	0	0
688b75d0d4f62112e8a0eb13b6c6927e	INSERT INTO t3 VALUES (...)  	4	4	0	0
fcc26964fb32bb57f85101a12efad382	INSERT INTO t4 VALUES (...)  	1	1	0	0
e8d37d33eb3e0ff34ff0e8f4bcc39ed2	INSERT INTO t5 VALUES (...)  	1	1	0	0
ad93034a97072e82e124dafbca16c2c1	INSERT INTO t1 VALUES (?) /* , ... */  	2	7	0	0
fe9e729df5f1f8e67d7c158d0473b210	INSERT INTO t3 VALUES (...) /* , ... */  	1	3	0	0
4f643bc0882fb33c6729d5e4d0e2df1e	INSERT INTO t5 VALUES (...) /* , ... */  	1	3	0	0
04a1558c29fce46cedf6e64170cf0797	INSERT INTO t1 VALUES ( NULL )  	1	1	0	0
b360eed2967413062a724105b27c60be	INSERT INTO t6 VALUES (...)  	5	5	0	0
881af9819ee28065ee3d99a1db180ad9	SELECT ? + ?  	3	0	0	0
6ad52dbeaeeaccd56e293fa8161f9f0d	SELECT ?  	1	0	0	0
fb40aece1f68b5c3fbaf220bc21ad353	CREATE SCHEMA statements_digest_temp  	2	2	0	0
622ef9323ed99ee165d79477219a693b	DROP SCHEMA statements_digest_temp  	2	0	0	0
ffee1eac5955b3ba9a1f9ef2143b8529	SELECT ? FROM t11  	1	0	0	1
30e5e695a6021fbf00b7ab447d0d1276	CREATE TABLE t11 ( c CHARACTER (?) )  	2	0	0	1
26662768996dee12e3049121ff1a9bab	INSERT INTO t11 VALUES (?)  	1	1	1	0
b456fc77d1009cb2e3bb7271b36604b7	SHOW WARNINGS  	1	0	0	0
####################################
# CLEANUP
####################################
DROP TABLE IF EXISTS t1;
DROP TABLE IF EXISTS t2;
DROP TABLE IF EXISTS t3;
DROP TABLE IF EXISTS t4;
DROP TABLE IF EXISTS t5;
DROP TABLE IF EXISTS t6;
DROP DATABASE IF EXISTS statements_digest;
