####################################
# SETUP
####################################
CREATE DATABASE statements_digest;
USE statements_digest;
CREATE TABLE t1(a int);
CREATE TABLE t2(a int);
CREATE TABLE t3(a int, b int);
CREATE TABLE t4(a int, b int);
CREATE TABLE t5(a int, b int, c int);
CREATE TABLE t6(a int, b int, c int, d int);
CREATE TABLE t11 (c CHAR(4));
CREATE TABLE t12 (c CHAR(4));
SELECT * FROM performance_schema.setup_consumers;
NAME	ENABLED
events_stages_current	YES
events_stages_history	YES
events_stages_history_long	YES
events_statements_current	NO
events_statements_history	YES
events_statements_history_long	YES
events_waits_current	YES
events_waits_history	YES
events_waits_history_long	YES
global_instrumentation	YES
thread_instrumentation	YES
statements_digest	YES
TRUNCATE TABLE performance_schema.events_statements_summary_by_digest;
####################################
# EXECUTION
####################################
SELECT 1 FROM t1;
1
SELECT 1 FROM `t1`;
1
SELECT 1,2 FROM t1;
1	2
SELECT 1, 2, 3, 4 FROM t1;
1	2	3	4
SELECT 1 FROM t2;
1
SELECT 1,2 FROM t2;
1	2
SELECT 1, 2, 3, 4 FROM t2;
1	2	3	4
INSERT INTO t1 VALUES (1);
INSERT INTO t2 VALUES (1);
INSERT INTO t3 VALUES (1, 2);
INSERT INTO t4 VALUES (1, 2);
INSERT INTO t5 VALUES (1, 2, 3);
INSERT INTO t1 VALUES (1), (2), (3);
INSERT INTO t1 VALUES (1), (2), (3), (4);
INSERT INTO t3 VALUES (1, 2), (3, 4), (5, 6);
INSERT INTO t5 VALUES (1, 2, 3), (4, 5, 6), (7, 8, 9);
INSERT INTO t1 VALUES (NULL);
INSERT INTO t3 VALUES (NULL,NULL);
INSERT INTO t3 VALUES (1,NULL);
INSERT INTO t3 VALUES (NULL,1);
INSERT INTO t6 VALUES (NULL, NULL, NULL, NULL);
INSERT INTO t6 VALUES (1, NULL, NULL, NULL);
INSERT INTO t6 VALUES (NULL, 2, NULL, NULL);
INSERT INTO t6 VALUES (1, 2, 3, NULL);
INSERT INTO t6 VALUES (1, 2, NULL, 4);
SELECT                                          1           +        1;
1           +        1
2
SELECT 1;
1
1
SELECT 1 /* This is an inline comment */ + 1;
1 /* This is an inline comment */ + 1
2
SELECT 1+
/*
this is a
multiple-line comment
*/
1;
1+
/*
this is a
multiple-line comment
*/
1
2
CREATE SCHEMA statements_digest_temp;
DROP SCHEMA statements_digest_temp;
CREATE DATABASE statements_digest_temp;
DROP DATABASE statements_digest_temp;
SELECT 1 FROM no_such_table;
ERROR 42S02: Table 'statements_digest.no_such_table' doesn't exist
CREATE TABLE dup_table (c char(4));
CREATE TABLE dup_table (c char(4));
ERROR 42S01: Table 'dup_table' already exists
DROP TABLE dup_table;
INSERT INTO t11 VALUES("MySQL");
Warnings:
Warning	1265	Data truncated for column 'c' at row 1
PREPARE stmt FROM "SELECT * FROM t12";
EXECUTE stmt;
c
EXECUTE stmt;
c
DEALLOCATE PREPARE stmt;
CREATE PROCEDURE p1() BEGIN SELECT * FROM t12; END//
CALL p1();
c
CALL p1();
c
DROP PROCEDURE p1;
CREATE FUNCTION `func`(a INT, b INT) RETURNS int(11) RETURN a+b //
select func(3,4);
func(3,4)
7
select func(13,42);
func(13,42)
55
DROP FUNCTION func;
CREATE TRIGGER trg BEFORE INSERT ON t12 FOR EACH ROW SET @a:=1;
INSERT INTO t12 VALUES ("abc");
INSERT INTO t12 VALUES ("def");
DROP TRIGGER trg;
####################################
# QUERYING PS STATEMENT DIGEST
####################################
SELECT digest, digest_text, count_star FROM performance_schema.events_statements_summary_by_digest;
digest	digest_text	count_star
43e9106b8e490764eecaf9d71627792a	TRUNCATE TABLE performance_schema . events_statements_summary_by_digest  	1
8d4241d3c8553ed8e78b5d72df748b96	SELECT ? FROM t1  	1
8edb0b45c62be1c709baaa0b7b71d746	SELECT ? FROM `t1`  	1
741073c097b01dfba350caae853959df	SELECT ?, ... FROM t1  	2
f7df600036e182e78f86d926278bcad1	SELECT ? FROM t2  	1
eede5a4b2c708a426f10065c25d4a6cd	SELECT ?, ... FROM t2  	2
a2ae9c8e7fa059a56c23fbf374f9bbf0	INSERT INTO t1 VALUES (?)  	1
2bdc05cf41f1dcad1ad5fdd1c2fd7e0e	INSERT INTO t2 VALUES (?)  	1
e1fa121e24d13c91ff24613842d16e32	INSERT INTO t3 VALUES (...)  	4
5510ecc0e97b6d1aa9188088a547199a	INSERT INTO t4 VALUES (...)  	1
3323719ba085be429d3a5234279b07c3	INSERT INTO t5 VALUES (...)  	1
e6c0f8f0f8d04d44dda3794ab2061e1b	INSERT INTO t1 VALUES (?) /* , ... */  	2
852534947d9cde40a6c3d48f2fc0d4d0	INSERT INTO t3 VALUES (...) /* , ... */  	1
d14e5881e516a0473e5bf9b59b4187fa	INSERT INTO t5 VALUES (...) /* , ... */  	1
f66f5cf36a847dec0b2802b93024e333	INSERT INTO t1 VALUES ( NULL )  	1
bcf64101e855833ef8da11d228081d24	INSERT INTO t6 VALUES (...)  	5
637581c6d6aecd1f6a15797db394562a	SELECT ? + ?  	3
b9410adc8fa2e636645728777799ef08	SELECT ?  	1
c971c8e991c110c98d36f618b0d4f080	CREATE SCHEMA statements_digest_temp  	2
5aabfd327c59e12e5efff109687e59e5	DROP SCHEMA statements_digest_temp  	2
d7743ff2a07606fd097c083a6aee349b	SELECT ? FROM no_such_table  	1
66d4473e7af5bcba514b1332faa58a7c	CREATE TABLE dup_table ( c CHARACTER (?) )  	2
40847a13faa359c0459ce381627213db	DROP TABLE dup_table  	1
a72ca9739d93fec9590755dad143244c	INSERT INTO t11 VALUES (?)  	1
7835f4b247c40b9d5a7f2ba9694113fd	SHOW WARNINGS  	1
a71644386b1d46c0b958967af9ce7910	PREPARE stmt FROM ?  	1
9bc31ccd137630c2c9e6b4062c4576a8	EXECUTE stmt  	2
ef9b85e477b57de6271a4d75cbb33297	DEALLOCATE PREPARE stmt  	1
1db811b4a131b1bec3e83f9997e2bbc6	CREATE PROCEDURE p1 ( ) BEGIN SELECT * FROM t12 ; END  	1
b18d0fc42dadff72ad682bc959b25613	CALL p1 ( )  	2
d62e3ed9596eb391e578fba07efc553e	DROP PROCEDURE p1  	1
28ae6f9ec0791708aa61111ef93b75c4	CREATE FUNCTION `func` ( a INTEGER , b INTEGER ) RETURNS INTEGER (?) RETURN a + b  	1
b8956d97a208621237e91bb40f5332cb	SELECT func (...)  	2
1a877d7135862fc121e3a6ee1e1d82d4	DROP FUNCTION func  	1
6f303dd3e5b757fdd3dd3f44427aec14	CREATE TRIGGER trg BEFORE INSERT ON t12 FOR EACH ROW SET @ ? := ?  	1
8ca3110e38ea79a373d18d6c3636db53	INSERT INTO t12 VALUES (?)  	2
2b6cb73438721d25047a31ea7949038c	DROP TRIGGER trg  	1
SELECT digest, digest_text FROM performance_schema.events_statements_current;
digest	digest_text
####################################
# CLEANUP
####################################
DROP TABLE IF EXISTS t1;
DROP TABLE IF EXISTS t2;
DROP TABLE IF EXISTS t3;
DROP TABLE IF EXISTS t4;
DROP TABLE IF EXISTS t5;
DROP TABLE IF EXISTS t6;
DROP TABLE IF EXISTS t11;
DROP TABLE IF EXISTS t12;
DROP DATABASE IF EXISTS statements_digest;
