####################################
# SETUP
####################################
CREATE DATABASE statements_digest;
USE statements_digest;
CREATE TABLE t1(a int);
CREATE TABLE t2(a int);
CREATE TABLE t3(a int, b int);
CREATE TABLE t4(a int, b int);
CREATE TABLE t5(a int, b int, c int);
CREATE TABLE t6(a int, b int, c int, d int);
TRUNCATE TABLE performance_schema.events_statements_summary_by_digest;
####################################
# EXECUTION
####################################
SELECT 1 FROM t1;
1
SELECT 1 FROM `t1`;
1
SELECT 1,2 FROM t1;
1	2
SELECT 1, 2, 3, 4 FROM t1;
1	2	3	4
SELECT 1 FROM t2;
1
SELECT 1,2 FROM t2;
1	2
SELECT 1, 2, 3, 4 FROM t2;
1	2	3	4
INSERT INTO t1 VALUES (1);
INSERT INTO t2 VALUES (1);
INSERT INTO t3 VALUES (1, 2);
INSERT INTO t4 VALUES (1, 2);
INSERT INTO t5 VALUES (1, 2, 3);
INSERT INTO t1 VALUES (1), (2), (3);
INSERT INTO t1 VALUES (1), (2), (3), (4);
INSERT INTO t3 VALUES (1, 2), (3, 4), (5, 6);
INSERT INTO t5 VALUES (1, 2, 3), (4, 5, 6), (7, 8, 9);
INSERT INTO t1 VALUES (NULL);
INSERT INTO t3 VALUES (NULL,NULL);
INSERT INTO t3 VALUES (1,NULL);
INSERT INTO t3 VALUES (NULL,1);
INSERT INTO t6 VALUES (NULL, NULL, NULL, NULL);
INSERT INTO t6 VALUES (1, NULL, NULL, NULL);
INSERT INTO t6 VALUES (NULL, 2, NULL, NULL);
INSERT INTO t6 VALUES (1, 2, 3, NULL);
INSERT INTO t6 VALUES (1, 2, NULL, 4);
SELECT                                          1           +        1;
1           +        1
2
SELECT 1;
1
1
SELECT 1 /* This is an inline comment */ + 1;
1 /* This is an inline comment */ + 1
2
SELECT 1+
/*
this is a
multiple-line comment
*/
1;
1+
/*
this is a
multiple-line comment
*/
1
2
CREATE SCHEMA statements_digest_temp;
DROP SCHEMA statements_digest_temp;
CREATE DATABASE statements_digest_temp;
DROP DATABASE statements_digest_temp;
SELECT 1 from t11;
ERROR 42S02: Table 'statements_digest.t11' doesn't exist
create table t11 (c char(4));
create table t11 (c char(4));
ERROR 42S01: Table 't11' already exists
insert into t11 values("MySQL");
Warnings:
Warning	1265	Data truncated for column 'c' at row 1
####################################
# QUERYING PS STATEMENT DIGEST
####################################
SELECT DIGEST, DIGEST_TEXT, COUNT_STAR, SUM_ROWS_AFFECTED, SUM_WARNINGS,
SUM_ERRORS FROM performance_schema.events_statements_summary_by_digest;
DIGEST	DIGEST_TEXT	COUNT_STAR	SUM_ROWS_AFFECTED	SUM_WARNINGS	SUM_ERRORS
a938a1f31256fd2ec1bc3cda9b7a8519	TRUNCATE TABLE performance_schema . events_statements_summary_by_digest  	1	0	0	0
e7f8dc15f1156f57978116e457cc7488	SELECT ? FROM t1  	1	0	0	0
29c3f8abab7962fe1f664a51fca9effc	SELECT ? FROM `t1`  	1	0	0	0
ca50ee9fccc00a2c95e44ef3feea866a	SELECT ?, ... FROM t1  	2	0	0	0
3b8d5477aa795a19c9e9183e4ad04e6b	SELECT ? FROM t2  	1	0	0	0
8067bb511c3620aac5388c5674b328a0	SELECT ?, ... FROM t2  	2	0	0	0
a58cc957ffdd32c2cffeffa65b6c9324	INSERT INTO t1 VALUES (?)  	1	1	0	0
439869529508fe62007c6f97890a43ae	INSERT INTO t2 VALUES (?)  	1	1	0	0
a9f32e4c511753d7317a014630050274	INSERT INTO t3 VALUES (...)  	4	4	0	0
55351862b4cc299bfd9958920936dc34	INSERT INTO t4 VALUES (...)  	1	1	0	0
976ba1912e3bf2d29fb0eefed75c9f89	INSERT INTO t5 VALUES (...)  	1	1	0	0
de71aea3aaab6826e52c690197c28a42	INSERT INTO t1 VALUES (?) /* , ... */  	2	7	0	0
51a351f92e6fd34cef43add51eef65fe	INSERT INTO t3 VALUES (...) /* , ... */  	1	3	0	0
85ec05195fd87103b8e751c559abe9d4	INSERT INTO t5 VALUES (...) /* , ... */  	1	3	0	0
c72a99dab537b00f123fcb1c87c74115	INSERT INTO t1 VALUES ( NULL )  	1	1	0	0
799c87eedbd26b27146c7f01cf275a9a	INSERT INTO t6 VALUES (...)  	5	5	0	0
e50a377fe96a344be8496148bcd60407	SELECT ? + ?  	3	0	0	0
08bcb063d9c3c6ac9e150ec7c727eea7	SELECT ?  	1	0	0	0
30046d97cfdc44c95bdaa7f3987d0a20	CREATE SCHEMA statements_digest_temp  	2	2	0	0
8e40e6461f3ab4454ddb8f21b5cda3ba	DROP SCHEMA statements_digest_temp  	2	0	0	0
2fb7a70cbcfbc2e1900375406b9e4fca	SELECT ? FROM t11  	1	0	0	1
1cfadd74d3e5f992ae8ae694c86fc9ec	CREATE TABLE t11 ( c CHARACTER (?) )  	2	0	0	1
367c6d0eb00c1a6e553deddc195a6061	INSERT INTO t11 VALUES (?)  	1	1	1	0
756f25d54bb3daf92c54903b6584586c	SHOW WARNINGS  	1	0	0	0
####################################
# CLEANUP
####################################
DROP TABLE IF EXISTS t1;
DROP TABLE IF EXISTS t2;
DROP TABLE IF EXISTS t3;
DROP TABLE IF EXISTS t4;
DROP TABLE IF EXISTS t5;
DROP TABLE IF EXISTS t6;
DROP DATABASE IF EXISTS statements_digest;
