####################################
# SETUP
####################################
CREATE DATABASE statements_digest;
USE statements_digest;
CREATE TABLE t1(a int);
CREATE TABLE t2(a int);
CREATE TABLE t3(a int, b int);
CREATE TABLE t4(a int, b int);
CREATE TABLE t5(a int, b int, c int);
CREATE TABLE t6(a int, b int, c int, d int);
SELECT * FROM performance_schema.setup_consumers;
NAME	ENABLED
events_stages_current	YES
events_stages_history	YES
events_stages_history_long	YES
events_statements_current	NO
events_statements_history	YES
events_statements_history_long	YES
events_waits_current	YES
events_waits_history	YES
events_waits_history_long	YES
global_instrumentation	YES
thread_instrumentation	YES
statements_digest	YES
TRUNCATE TABLE performance_schema.events_statements_summary_by_digest;
####################################
# EXECUTION
####################################
SELECT 1 FROM t1;
1
SELECT 1 FROM `t1`;
1
SELECT 1,2 FROM t1;
1	2
SELECT 1, 2, 3, 4 FROM t1;
1	2	3	4
SELECT 1 FROM t2;
1
SELECT 1,2 FROM t2;
1	2
SELECT 1, 2, 3, 4 FROM t2;
1	2	3	4
INSERT INTO t1 VALUES (1);
INSERT INTO t2 VALUES (1);
INSERT INTO t3 VALUES (1, 2);
INSERT INTO t4 VALUES (1, 2);
INSERT INTO t5 VALUES (1, 2, 3);
INSERT INTO t1 VALUES (1), (2), (3);
INSERT INTO t1 VALUES (1), (2), (3), (4);
INSERT INTO t3 VALUES (1, 2), (3, 4), (5, 6);
INSERT INTO t5 VALUES (1, 2, 3), (4, 5, 6), (7, 8, 9);
INSERT INTO t1 VALUES (NULL);
INSERT INTO t3 VALUES (NULL,NULL);
INSERT INTO t3 VALUES (1,NULL);
INSERT INTO t3 VALUES (NULL,1);
INSERT INTO t6 VALUES (NULL, NULL, NULL, NULL);
INSERT INTO t6 VALUES (1, NULL, NULL, NULL);
INSERT INTO t6 VALUES (NULL, 2, NULL, NULL);
INSERT INTO t6 VALUES (1, 2, 3, NULL);
INSERT INTO t6 VALUES (1, 2, NULL, 4);
SELECT                                          1           +        1;
1           +        1
2
SELECT 1;
1
1
SELECT 1 /* This is an inline comment */ + 1;
1 /* This is an inline comment */ + 1
2
SELECT 1+
/*
this is a
multiple-line comment
*/
1;
1+
/*
this is a
multiple-line comment
*/
1
2
CREATE SCHEMA statements_digest_temp;
DROP SCHEMA statements_digest_temp;
CREATE DATABASE statements_digest_temp;
DROP DATABASE statements_digest_temp;
SELECT 1 from t11;
ERROR 42S02: Table 'statements_digest.t11' doesn't exist
create table t11 (c char(4));
create table t11 (c char(4));
ERROR 42S01: Table 't11' already exists
insert into t11 values("MySQL");
Warnings:
Warning	1265	Data truncated for column 'c' at row 1
####################################
# QUERYING PS STATEMENT DIGEST
####################################
SELECT digest, digest_text, count_star FROM performance_schema.events_statements_summary_by_digest;
digest	digest_text	count_star
6c4650f18d00d7f69763f7c1836e872e	TRUNCATE TABLE performance_schema . events_statements_summary_by_digest  	1
3ca227d9ea7901f7904e8971f9ca5fa6	SELECT ? FROM t1  	1
93af78150d21009269e1ede0bf35bbbd	SELECT ? FROM `t1`  	1
7d5cf77999f01ea25a8f14f7193d5e86	SELECT ?, ... FROM t1  	2
1e2d9ccb8ce1e80157c7d0f27c7a36db	SELECT ? FROM t2  	1
c3bbc9546db9594cdd31a257d1f1555d	SELECT ?, ... FROM t2  	2
1a9973ace0b02e91f853c9f0245a157c	INSERT INTO t1 VALUES (?)  	1
7ff8e95d0dc90672900fb5f136aa8bdb	INSERT INTO t2 VALUES (?)  	1
56c4b893720324af0d34de53669ac4d9	INSERT INTO t3 VALUES (...)  	4
5e8930113dd40c90ad34ba3e0f203bff	INSERT INTO t4 VALUES (...)  	1
07c5739724be7f315da4fbc1fdc08bbc	INSERT INTO t5 VALUES (...)  	1
06adc836be4583c2a64a2f422c603e6b	INSERT INTO t1 VALUES (?) /* , ... */  	2
c66f4b27ba79f7d61705e7f45c0af008	INSERT INTO t3 VALUES (...) /* , ... */  	1
bfb370d2220106457192239392458504	INSERT INTO t5 VALUES (...) /* , ... */  	1
28003b9873d7c7d721cc6f88194a433c	INSERT INTO t1 VALUES ( NULL )  	1
31ea0b2e54f4d2da11045928f6df6ff7	INSERT INTO t6 VALUES (...)  	5
bcb3fc3aa0ea73f20809e6525d41b95b	SELECT ? + ?  	3
651e639ea4fee3b3dbee7f6f9fd44ca0	SELECT ?  	1
7d2a54e6edd2117b661078941415d492	CREATE SCHEMA statements_digest_temp  	2
131870b25daddd214b5c200444364bd2	DROP SCHEMA statements_digest_temp  	2
249a5f8b104c00dedcc50d71449bba0d	SELECT ? FROM t11  	1
72c49981fce5ac1ee4f4877119b825f5	CREATE TABLE t11 ( c CHARACTER (?) )  	2
21ccf832feb3cd3581d472f7225ec046	INSERT INTO t11 VALUES (?)  	1
1965b72c3916198861e7286faeece568	SHOW WARNINGS  	1
SELECT digest, digest_text FROM performance_schema.events_statements_current;
digest	digest_text
####################################
# CLEANUP
####################################
DROP TABLE IF EXISTS t1;
DROP TABLE IF EXISTS t2;
DROP TABLE IF EXISTS t3;
DROP TABLE IF EXISTS t4;
DROP TABLE IF EXISTS t5;
DROP TABLE IF EXISTS t6;
DROP DATABASE IF EXISTS statements_digest;
