####################################
# SETUP
####################################
create database statements_digest;
use statements_digest;
create table t1(a int);
create table t2(a int);
create table t3(a int, b int);
create table t4(a int, b int);
create table t5(a int, b int, c int);
####################################
# EXECUTION
####################################
update performance_schema.setup_consumers
set enabled='YES' where name='statements_digest';
truncate table performance_schema.events_statements_summary_by_digest;
select 1 from t1;
1
select 1,2 from t1;
1	2
select 1, 2, 3, 4 from t1;
1	2	3	4
select 1 from t2;
1
select 1,2 from t2;
1	2
select 1, 2, 3, 4 from t2;
1	2	3	4
insert into t1 values (1);
insert into t2 values (1);
insert into t3 values (1, 2);
insert into t4 values (1, 2);
insert into t5 values (1, 2, 3);
insert into t1 values (1), (2), (3);
insert into t1 values (1), (2), (3), (4);
insert into t3 values (1, 2), (3, 4), (5, 6);
insert into t5 values (1, 2, 3), (4, 5, 6), (7, 8, 9);
SELECT                                          1           +        1;
1           +        1
2
SELECT 1;
1
1
SELECT 1 /* This is an inline comment */ + 1;
1 /* This is an inline comment */ + 1
2
SELECT 1+
/*
this is a
multiple-line comment
*/
1;
1+
/*
this is a
multiple-line comment
*/
1
2
create schema statements_digest_temp;
drop schema statements_digest_temp;
create database statements_digest_temp;
drop database statements_digest_temp;
####################################
# QUERYING PS STATEMENT DIGEST
####################################
use performance_schema;
select DIGEST, DIGEST_TEXT, COUNT_STAR from events_statements_summary_by_digest;
DIGEST	DIGEST_TEXT	COUNT_STAR
NULL	NULL	0
bb399912758e2135	TRUNCATE TABLE performance_schema . events_statements_summary_by_digest  	1
c4cdaf6f814e367d	SELECT ? FROM t1  	1
58681943ba1f6965	SELECT ?, ... FROM t1  	2
dd87e085c2c5a2b6	SELECT ? FROM t2  	1
fc7ca6a130fec1a4	SELECT ?, ... FROM t2  	2
164f41cc7a0b2f31	INSERT INTO t1 VALUES (?)  	1
06bd734b89c6f98f	INSERT INTO t2 VALUES (?)  	1
3a4848d584923fd7	INSERT INTO t3 VALUES (...)  	1
37c0599e49fd77fe	INSERT INTO t4 VALUES (...)  	1
e63c7357e9f87f44	INSERT INTO t5 VALUES (...)  	1
1cd783ad398f6755	INSERT INTO t1 VALUES (?) /* , ... */  	2
f52370e9b5183696	INSERT INTO t3 VALUES (...) /* , ... */  	1
edc61a0866ec47da	INSERT INTO t5 VALUES (...) /* , ... */  	1
06ec53eb6a3e3d4c	SELECT ? + ?  	3
a68272fa2b30c2e3	SELECT ?  	1
49d23ec9aebe975b	CREATE SCHEMA statements_digest_temp  	2
d42c9738d3d96889	DROP SCHEMA statements_digest_temp  	2
33c8d4d29d3c02f3	USE performance_schema  	1
####################################
# CLEANUP
####################################
use statements_digest;
drop table if exists t1;
drop table if exists t2;
drop table if exists t3;
drop table if exists t4;
drop table if exists t5;
drop database if exists statements_digest;
