####################################
# SETUP
####################################
CREATE DATABASE statements_digest;
USE statements_digest;
CREATE TABLE t1(a int);
CREATE TABLE t2(a int);
CREATE TABLE t3(a int, b int);
CREATE TABLE t4(a int, b int);
CREATE TABLE t5(a int, b int, c int);
CREATE TABLE t6(a int, b int, c int, d int);
TRUNCATE TABLE performance_schema.events_statements_summary_by_digest;
####################################
# EXECUTION
####################################
SELECT 1 FROM t1;
1
SELECT 1 FROM `t1`;
1
SELECT 1,2 FROM t1;
1	2
SELECT 1, 2, 3, 4 FROM t1;
1	2	3	4
SELECT 1 FROM t2;
1
SELECT 1,2 FROM t2;
1	2
SELECT 1, 2, 3, 4 FROM t2;
1	2	3	4
INSERT INTO t1 VALUES (1);
INSERT INTO t2 VALUES (1);
INSERT INTO t3 VALUES (1, 2);
INSERT INTO t4 VALUES (1, 2);
INSERT INTO t5 VALUES (1, 2, 3);
INSERT INTO t1 VALUES (1), (2), (3);
INSERT INTO t1 VALUES (1), (2), (3), (4);
INSERT INTO t3 VALUES (1, 2), (3, 4), (5, 6);
INSERT INTO t5 VALUES (1, 2, 3), (4, 5, 6), (7, 8, 9);
INSERT INTO t1 VALUES (NULL);
INSERT INTO t3 VALUES (NULL,NULL);
INSERT INTO t3 VALUES (1,NULL);
INSERT INTO t3 VALUES (NULL,1);
INSERT INTO t6 VALUES (NULL, NULL, NULL, NULL);
INSERT INTO t6 VALUES (1, NULL, NULL, NULL);
INSERT INTO t6 VALUES (NULL, 2, NULL, NULL);
INSERT INTO t6 VALUES (1, 2, 3, NULL);
INSERT INTO t6 VALUES (1, 2, NULL, 4);
SELECT                                          1           +        1;
1           +        1
2
SELECT 1;
1
1
SELECT 1 /* This is an inline comment */ + 1;
1 /* This is an inline comment */ + 1
2
SELECT 1+
/*
this is a
multiple-line comment
*/
1;
1+
/*
this is a
multiple-line comment
*/
1
2
CREATE SCHEMA statements_digest_temp;
DROP SCHEMA statements_digest_temp;
CREATE DATABASE statements_digest_temp;
DROP DATABASE statements_digest_temp;
SELECT 1 from t11;
ERROR 42S02: Table 'statements_digest.t11' doesn't exist
create table t11 (c char(4));
create table t11 (c char(4));
ERROR 42S01: Table 't11' already exists
insert into t11 values("MySQL");
Warnings:
Warning	1265	Data truncated for column 'c' at row 1
####################################
# QUERYING PS STATEMENT DIGEST
####################################
SELECT DIGEST, DIGEST_TEXT, COUNT_STAR, SUM_ROWS_AFFECTED, SUM_WARNINGS,
SUM_ERRORS FROM performance_schema.events_statements_summary_by_digest;
DIGEST	DIGEST_TEXT	COUNT_STAR	SUM_ROWS_AFFECTED	SUM_WARNINGS	SUM_ERRORS
df69f68a97126df376bddb7763a1754c	TRUNCATE TABLE performance_schema . events_statements_summary_by_digest  	1	0	0	0
022248d8c22d296805854a9c5aed3cea	SELECT ? FROM t1  	1	0	0	0
c4015f343d9d522202e0ba2e199cb31e	SELECT ? FROM `t1`  	1	0	0	0
6e002221da34a62d06c0a3de15552f8f	SELECT ?, ... FROM t1  	2	0	0	0
1149dd3df18aa69c79ba8279bd1d575f	SELECT ? FROM t2  	1	0	0	0
52fbbb8de84d19b46d466df95f11d5c9	SELECT ?, ... FROM t2  	2	0	0	0
ca653ca7ee8621171483d4eafaf0bcd8	INSERT INTO t1 VALUES (?)  	1	1	0	0
3c350bf7a0dbc0679d87d424f116ec43	INSERT INTO t2 VALUES (?)  	1	1	0	0
29766a1ac6cf526f30b22a1a936bb7ac	INSERT INTO t3 VALUES (...)  	4	4	0	0
9a165cef0e7b305d032a6e749eb54ddb	INSERT INTO t4 VALUES (...)  	1	1	0	0
037314008352a4c508439531a8c182aa	INSERT INTO t5 VALUES (...)  	1	1	0	0
29af044602e8cc2badbc94a873a1e068	INSERT INTO t1 VALUES (?) /* , ... */  	2	7	0	0
13d3eb930b1809c9b37e6d33be4beb7e	INSERT INTO t3 VALUES (...) /* , ... */  	1	3	0	0
a271bef26f2dfc822ed211dbccf0fc8f	INSERT INTO t5 VALUES (...) /* , ... */  	1	3	0	0
1c6540b559c072cf76704e2b256d8b00	INSERT INTO t1 VALUES ( NULL )  	1	1	0	0
889f652cba112f84004344b34e29dcfc	INSERT INTO t6 VALUES (...)  	5	5	0	0
5f569314aa69ff48f90b872847d0caf2	SELECT ? + ?  	3	0	0	0
8910152bacf362872020350d04058cda	SELECT ?  	1	0	0	0
3335dee57850bd3d6b263678348aed61	CREATE SCHEMA statements_digest_temp  	2	2	0	0
2b5c38c2b011a933e36fd4b70a98dbf8	DROP SCHEMA statements_digest_temp  	2	0	0	0
f34c231564ea1d2720123c2bc2992f07	SELECT ? FROM t11  	1	0	0	1
7c0c81b221856473bb73bb6f172ea78f	CREATE TABLE t11 ( c CHARACTER (?) )  	2	0	0	1
7cee18bf00e2ffcbb510966c5ceeb947	INSERT INTO t11 VALUES (?)  	1	1	1	0
36bf274ab64ffea44bc7e2887055c796	SHOW WARNINGS  	1	0	0	0
####################################
# CLEANUP
####################################
DROP TABLE IF EXISTS t1;
DROP TABLE IF EXISTS t2;
DROP TABLE IF EXISTS t3;
DROP TABLE IF EXISTS t4;
DROP TABLE IF EXISTS t5;
DROP TABLE IF EXISTS t6;
DROP DATABASE IF EXISTS statements_digest;
