####################################
# SETUP
####################################
CREATE DATABASE statements_digest;
USE statements_digest;
CREATE TABLE t1(a int);
CREATE TABLE t2(a int);
CREATE TABLE t3(a int, b int);
CREATE TABLE t4(a int, b int);
CREATE TABLE t5(a int, b int, c int);
SELECT * FROM performance_schema.setup_consumers;
NAME	ENABLED
events_stages_current	YES
events_stages_history	YES
events_stages_history_long	YES
events_statements_current	NO
events_statements_history	YES
events_statements_history_long	YES
events_waits_current	YES
events_waits_history	YES
events_waits_history_long	YES
global_instrumentation	YES
thread_instrumentation	YES
statements_digest	YES
TRUNCATE TABLE performance_schema.events_statements_summary_by_digest;
####################################
# EXECUTION
####################################
SELECT 1 FROM t1;
1
SELECT 1 FROM `t1`;
1
SELECT 1,2 FROM t1;
1	2
SELECT 1, 2, 3, 4 FROM t1;
1	2	3	4
SELECT 1 FROM t2;
1
SELECT 1,2 FROM t2;
1	2
SELECT 1, 2, 3, 4 FROM t2;
1	2	3	4
INSERT INTO t1 VALUES (1);
INSERT INTO t2 VALUES (1);
INSERT INTO t3 VALUES (1, 2);
INSERT INTO t4 VALUES (1, 2);
INSERT INTO t5 VALUES (1, 2, 3);
INSERT INTO t1 VALUES (1), (2), (3);
INSERT INTO t1 VALUES (1), (2), (3), (4);
INSERT INTO t3 VALUES (1, 2), (3, 4), (5, 6);
INSERT INTO t5 VALUES (1, 2, 3), (4, 5, 6), (7, 8, 9);
SELECT                                          1           +        1;
1           +        1
2
SELECT 1;
1
1
SELECT 1 /* This is an inline comment */ + 1;
1 /* This is an inline comment */ + 1
2
SELECT 1+
/*
this is a
multiple-line comment
*/
1;
1+
/*
this is a
multiple-line comment
*/
1
2
CREATE SCHEMA statements_digest_temp;
DROP SCHEMA statements_digest_temp;
CREATE DATABASE statements_digest_temp;
DROP DATABASE statements_digest_temp;
SELECT 1 from t11;
ERROR 42S02: Table 'statements_digest.t11' doesn't exist
create table t11 (c char(4));
create table t11 (c char(4));
ERROR 42S01: Table 't11' already exists
insert into t11 values("MySQL");
Warnings:
Warning	1265	Data truncated for column 'c' at row 1
####################################
# QUERYING PS STATEMENT DIGEST
####################################
SELECT digest, digest_text, count_star FROM performance_schema.events_statements_summary_by_digest;
digest	digest_text	count_star
5a67c55e586942b351f43436a48c2d03	TRUNCATE TABLE performance_schema . events_statements_summary_by_digest  	1
779e64bd67c70319dc76c0f46571a261	SELECT ? FROM t1  	1
114c7eebd5e688cbebb541944a4bc3a7	SELECT ? FROM `t1`  	1
bcb1253b75337c3e8065ea4771027d79	SELECT ?, ... FROM t1  	2
3d90c92d76c764480727cedd22b45b90	SELECT ? FROM t2  	1
1cc34268d89198da4aa4958f595893b3	SELECT ?, ... FROM t2  	2
beb588166820ba004ec56437408b8e8f	INSERT INTO t1 VALUES (?)  	1
a6fe4cf49915ceba9d36a13c59ec0cd9	INSERT INTO t2 VALUES (?)  	1
f1051b19801f3ada843ab80138e75ac8	INSERT INTO t3 VALUES (...)  	1
15ad9f94ca2f8b8f14e888272bd74801	INSERT INTO t4 VALUES (...)  	1
214c9c897286c3fe84f13cab5c75e6d5	INSERT INTO t5 VALUES (...)  	1
e3dd91fc8c2c272c13f57aed1b99c28b	INSERT INTO t1 VALUES (?) /* , ... */  	2
89c6f74ef7545a624a6a0bc518f3c4ce	INSERT INTO t3 VALUES (...) /* , ... */  	1
2792ab45efb39e3c829b62f91e265877	INSERT INTO t5 VALUES (...) /* , ... */  	1
dda296483b4b41019a0c107e44724a52	SELECT ? + ?  	3
1db1b6c7d7acb0e04ac672f21750aa17	SELECT ?  	1
d8bde89f42443bc5632dfafe3f4c34f7	CREATE SCHEMA statements_digest_temp  	2
5f49c045f89918f9cd317263aa694c53	DROP SCHEMA statements_digest_temp  	2
fe58d97e547d825d1d80897e1dcc6c0f	SELECT ? FROM t11  	1
1a489e86873b6ba8ad05822eaba7ddbf	CREATE TABLE t11 ( c CHARACTER (?) )  	2
4fd15e08b0c89d9bf4dc84da87f76cbb	INSERT INTO t11 VALUES (?)  	1
1ff0c5f6eecfe1d7cce8240dd2e0d904	SHOW WARNINGS  	1
SELECT digest, digest_text FROM performance_schema.events_statements_current;
digest	digest_text
####################################
# CLEANUP
####################################
DROP TABLE IF EXISTS t1;
DROP TABLE IF EXISTS t2;
DROP TABLE IF EXISTS t3;
DROP TABLE IF EXISTS t4;
DROP TABLE IF EXISTS t5;
DROP DATABASE IF EXISTS statements_digest;
