####################################
# SETUP
####################################
CREATE DATABASE statements_digest;
USE statements_digest;
CREATE TABLE t1(a int);
CREATE TABLE t2(a int);
CREATE TABLE t3(a int, b int);
CREATE TABLE t4(a int, b int);
CREATE TABLE t5(a int, b int, c int);
CREATE TABLE t6(a int, b int, c int, d int);
SELECT * FROM performance_schema.setup_consumers;
NAME	ENABLED
events_stages_current	YES
events_stages_history	YES
events_stages_history_long	YES
events_statements_current	NO
events_statements_history	YES
events_statements_history_long	YES
events_waits_current	YES
events_waits_history	YES
events_waits_history_long	YES
global_instrumentation	YES
thread_instrumentation	YES
statements_digest	YES
TRUNCATE TABLE performance_schema.events_statements_summary_by_digest;
####################################
# EXECUTION
####################################
SELECT 1 FROM t1;
1
SELECT 1 FROM `t1`;
1
SELECT 1,2 FROM t1;
1	2
SELECT 1, 2, 3, 4 FROM t1;
1	2	3	4
SELECT 1 FROM t2;
1
SELECT 1,2 FROM t2;
1	2
SELECT 1, 2, 3, 4 FROM t2;
1	2	3	4
INSERT INTO t1 VALUES (1);
INSERT INTO t2 VALUES (1);
INSERT INTO t3 VALUES (1, 2);
INSERT INTO t4 VALUES (1, 2);
INSERT INTO t5 VALUES (1, 2, 3);
INSERT INTO t1 VALUES (1), (2), (3);
INSERT INTO t1 VALUES (1), (2), (3), (4);
INSERT INTO t3 VALUES (1, 2), (3, 4), (5, 6);
INSERT INTO t5 VALUES (1, 2, 3), (4, 5, 6), (7, 8, 9);
INSERT INTO t1 VALUES (NULL);
INSERT INTO t3 VALUES (NULL,NULL);
INSERT INTO t3 VALUES (1,NULL);
INSERT INTO t3 VALUES (NULL,1);
INSERT INTO t6 VALUES (NULL, NULL, NULL, NULL);
INSERT INTO t6 VALUES (1, NULL, NULL, NULL);
INSERT INTO t6 VALUES (NULL, 2, NULL, NULL);
INSERT INTO t6 VALUES (1, 2, 3, NULL);
INSERT INTO t6 VALUES (1, 2, NULL, 4);
SELECT                                          1           +        1;
1           +        1
2
SELECT 1;
1
1
SELECT 1 /* This is an inline comment */ + 1;
1 /* This is an inline comment */ + 1
2
SELECT 1+
/*
this is a
multiple-line comment
*/
1;
1+
/*
this is a
multiple-line comment
*/
1
2
CREATE SCHEMA statements_digest_temp;
DROP SCHEMA statements_digest_temp;
CREATE DATABASE statements_digest_temp;
DROP DATABASE statements_digest_temp;
SELECT 1 from t11;
ERROR 42S02: Table 'statements_digest.t11' doesn't exist
create table t11 (c char(4));
create table t11 (c char(4));
ERROR 42S01: Table 't11' already exists
insert into t11 values("MySQL");
Warnings:
Warning	1265	Data truncated for column 'c' at row 1
####################################
# QUERYING PS STATEMENT DIGEST
####################################
SELECT digest, digest_text, count_star FROM performance_schema.events_statements_summary_by_digest;
digest	digest_text	count_star
a0f76fb5497b790ad3f99b54d49d8ec9	TRUNCATE TABLE performance_schema . events_statements_summary_by_digest  	1
d425871ec5492bf1daccc95114f4c9b7	SELECT ? FROM t1  	1
cceca2b52a7a3dfe9c3b5706d5053705	SELECT ? FROM `t1`  	1
9227227f0ada285d3ee831527a90a43a	SELECT ?, ... FROM t1  	2
ea7ed083cd7e4719d875947076c3e727	SELECT ? FROM t2  	1
7fc63f7bb3ea7e0a3818cdff4d827120	SELECT ?, ... FROM t2  	2
0d687c3ac9ac19a1123a83a6bd87d73f	INSERT INTO t1 VALUES (?)  	1
76ab903f288d3e458d9877627c54f8f8	INSERT INTO t2 VALUES (?)  	1
3d284b2f404a8263231348979a77419e	INSERT INTO t3 VALUES (...)  	4
89ad7844bad413eff7fb47161309559b	INSERT INTO t4 VALUES (...)  	1
c58e2fdd765b911528e3121395f94d04	INSERT INTO t5 VALUES (...)  	1
c254e41c08a3cb37b3bea85673b85e35	INSERT INTO t1 VALUES (?) /* , ... */  	2
8182f77f2801bbf2a523a592ef9fe1f5	INSERT INTO t3 VALUES (...) /* , ... */  	1
d3d857b6abc10820ef95610b5585bd67	INSERT INTO t5 VALUES (...) /* , ... */  	1
c1928d2f38d7b9b5dd452ba59546f854	INSERT INTO t1 VALUES ( NULL )  	1
907803af3230e25f8926f1e6d94a0a6d	INSERT INTO t6 VALUES (...)  	5
4d35579f2f74261177a3fd422a5e5366	SELECT ? + ?  	3
2898f9160e275fb0182f7c25b487c50b	SELECT ?  	1
2e70c2a610d36126887b63d6f173620b	CREATE SCHEMA statements_digest_temp  	2
308179c535227a86ef6b6c19b71cc9fa	DROP SCHEMA statements_digest_temp  	2
5f195653b09b1014efe3e08604a04aa6	SELECT ? FROM t11  	1
56f0f8e8fc5179ba58ceff0fc1e73116	CREATE TABLE t11 ( c CHARACTER (?) )  	2
8086eeea2b1c9eb0e7fdfe15a0853937	INSERT INTO t11 VALUES (?)  	1
49ff7c040b8068a733f91d5a70fb0241	SHOW WARNINGS  	1
SELECT digest, digest_text FROM performance_schema.events_statements_current;
digest	digest_text
####################################
# CLEANUP
####################################
DROP TABLE IF EXISTS t1;
DROP TABLE IF EXISTS t2;
DROP TABLE IF EXISTS t3;
DROP TABLE IF EXISTS t4;
DROP TABLE IF EXISTS t5;
DROP TABLE IF EXISTS t6;
DROP DATABASE IF EXISTS statements_digest;
