####################################
# SETUP
####################################
CREATE DATABASE statements_digest;
USE statements_digest;
CREATE TABLE t1(a int);
CREATE TABLE t2(a int);
CREATE TABLE t3(a int, b int);
CREATE TABLE t4(a int, b int);
CREATE TABLE t5(a int, b int, c int);
CREATE TABLE t6(a int, b int, c int, d int);
SELECT * FROM performance_schema.setup_consumers;
NAME	ENABLED
events_stages_current	YES
events_stages_history	YES
events_stages_history_long	YES
events_statements_current	NO
events_statements_history	YES
events_statements_history_long	YES
events_waits_current	YES
events_waits_history	YES
events_waits_history_long	YES
global_instrumentation	YES
thread_instrumentation	YES
statements_digest	YES
TRUNCATE TABLE performance_schema.events_statements_summary_by_digest;
####################################
# EXECUTION
####################################
SELECT 1 FROM t1;
1
SELECT 1 FROM `t1`;
1
SELECT 1,2 FROM t1;
1	2
SELECT 1, 2, 3, 4 FROM t1;
1	2	3	4
SELECT 1 FROM t2;
1
SELECT 1,2 FROM t2;
1	2
SELECT 1, 2, 3, 4 FROM t2;
1	2	3	4
INSERT INTO t1 VALUES (1);
INSERT INTO t2 VALUES (1);
INSERT INTO t3 VALUES (1, 2);
INSERT INTO t4 VALUES (1, 2);
INSERT INTO t5 VALUES (1, 2, 3);
INSERT INTO t1 VALUES (1), (2), (3);
INSERT INTO t1 VALUES (1), (2), (3), (4);
INSERT INTO t3 VALUES (1, 2), (3, 4), (5, 6);
INSERT INTO t5 VALUES (1, 2, 3), (4, 5, 6), (7, 8, 9);
INSERT INTO t1 VALUES (NULL);
INSERT INTO t3 VALUES (NULL,NULL);
INSERT INTO t3 VALUES (1,NULL);
INSERT INTO t3 VALUES (NULL,1);
INSERT INTO t6 VALUES (NULL, NULL, NULL, NULL);
INSERT INTO t6 VALUES (1, NULL, NULL, NULL);
INSERT INTO t6 VALUES (NULL, 2, NULL, NULL);
INSERT INTO t6 VALUES (1, 2, 3, NULL);
INSERT INTO t6 VALUES (1, 2, NULL, 4);
SELECT                                          1           +        1;
1           +        1
2
SELECT 1;
1
1
SELECT 1 /* This is an inline comment */ + 1;
1 /* This is an inline comment */ + 1
2
SELECT 1+
/*
this is a
multiple-line comment
*/
1;
1+
/*
this is a
multiple-line comment
*/
1
2
CREATE SCHEMA statements_digest_temp;
DROP SCHEMA statements_digest_temp;
CREATE DATABASE statements_digest_temp;
DROP DATABASE statements_digest_temp;
SELECT 1 from t11;
ERROR 42S02: Table 'statements_digest.t11' doesn't exist
create table t11 (c char(4));
create table t11 (c char(4));
ERROR 42S01: Table 't11' already exists
insert into t11 values("MySQL");
Warnings:
Warning	1265	Data truncated for column 'c' at row 1
####################################
# QUERYING PS STATEMENT DIGEST
####################################
SELECT digest, digest_text, count_star FROM performance_schema.events_statements_summary_by_digest;
digest	digest_text	count_star
7ba245ce99fa60ecede864ff39c4181d	TRUNCATE TABLE performance_schema . events_statements_summary_by_digest  	1
49513a1a979974bec8c65e586d456869	SELECT ? FROM t1  	1
054446781d838f3e133041a595619188	SELECT ? FROM `t1`  	1
babd2db3e0a735ff30b55568e3a1dee3	SELECT ?, ... FROM t1  	2
65f12da8532a9216205e68b7c5ebb189	SELECT ? FROM t2  	1
18c4aedb905cebf057ff09629033360f	SELECT ?, ... FROM t2  	2
99497301cfa888dc036d33b86b9aecdf	INSERT INTO t1 VALUES (?)  	1
4050e5082fd208b9cb4872d1a27bc507	INSERT INTO t2 VALUES (?)  	1
83d27f66b126c117632503bea0d95093	INSERT INTO t3 VALUES (...)  	4
5125cca0bd252f8c87051be828959e9e	INSERT INTO t4 VALUES (...)  	1
4af95b89db776a1172b772c11c2fc265	INSERT INTO t5 VALUES (...)  	1
2fb8fa8072acd39da8eeaf1b4fa73a8a	INSERT INTO t1 VALUES (?) /* , ... */  	2
7a332116e0be8cb1858db3094b8edc99	INSERT INTO t3 VALUES (...) /* , ... */  	1
0e223e6fa8b018f789b9ed664ee89dc5	INSERT INTO t5 VALUES (...) /* , ... */  	1
8271dc72b2afc0831feb6811b18a2e42	INSERT INTO t1 VALUES ( NULL )  	1
6f0255b15fd57ffa40e5489fdbe8e3e0	INSERT INTO t6 VALUES (...)  	5
429b4eec50a078ef7744e158ec856bc4	SELECT ? + ?  	3
c5ef52c67d9cb1ee06c2b398e9c7591d	SELECT ?  	1
91e395c5cdd43769dc612cbd785fdb3b	CREATE SCHEMA statements_digest_temp  	2
4b1a4f4c817f6aa18ac7beef22868307	DROP SCHEMA statements_digest_temp  	2
459205e7f0b26032bd1588daa9246453	SELECT ? FROM t11  	1
9e49cfaeb58a60c24f8458d544e4de3f	CREATE TABLE t11 ( c CHARACTER (?) )  	2
cff0d993e7994265492b1298824fbd61	INSERT INTO t11 VALUES (?)  	1
7349586b7d775b60c94fb6998e11b85b	SHOW WARNINGS  	1
SELECT digest, digest_text FROM performance_schema.events_statements_current;
digest	digest_text
####################################
# CLEANUP
####################################
DROP TABLE IF EXISTS t1;
DROP TABLE IF EXISTS t2;
DROP TABLE IF EXISTS t3;
DROP TABLE IF EXISTS t4;
DROP TABLE IF EXISTS t5;
DROP TABLE IF EXISTS t6;
DROP DATABASE IF EXISTS statements_digest;
