####################################
# SETUP
####################################
CREATE DATABASE statements_digest;
USE statements_digest;
CREATE TABLE t1(a int);
CREATE TABLE t2(a int);
CREATE TABLE t3(a int, b int);
CREATE TABLE t4(a int, b int);
CREATE TABLE t5(a int, b int, c int);
CREATE TABLE t6(a int, b int, c int, d int);
TRUNCATE TABLE performance_schema.events_statements_summary_by_digest;
####################################
# EXECUTION
####################################
SELECT 1 FROM t1;
1
SELECT 1 FROM `t1`;
1
SELECT 1,2 FROM t1;
1	2
SELECT 1, 2, 3, 4 FROM t1;
1	2	3	4
SELECT 1 FROM t2;
1
SELECT 1,2 FROM t2;
1	2
SELECT 1, 2, 3, 4 FROM t2;
1	2	3	4
INSERT INTO t1 VALUES (1);
INSERT INTO t2 VALUES (1);
INSERT INTO t3 VALUES (1, 2);
INSERT INTO t4 VALUES (1, 2);
INSERT INTO t5 VALUES (1, 2, 3);
INSERT INTO t1 VALUES (1), (2), (3);
INSERT INTO t1 VALUES (1), (2), (3), (4);
INSERT INTO t3 VALUES (1, 2), (3, 4), (5, 6);
INSERT INTO t5 VALUES (1, 2, 3), (4, 5, 6), (7, 8, 9);
INSERT INTO t1 VALUES (NULL);
INSERT INTO t3 VALUES (NULL,NULL);
INSERT INTO t3 VALUES (1,NULL);
INSERT INTO t3 VALUES (NULL,1);
INSERT INTO t6 VALUES (NULL, NULL, NULL, NULL);
INSERT INTO t6 VALUES (1, NULL, NULL, NULL);
INSERT INTO t6 VALUES (NULL, 2, NULL, NULL);
INSERT INTO t6 VALUES (1, 2, 3, NULL);
INSERT INTO t6 VALUES (1, 2, NULL, 4);
SELECT                                          1           +        1;
1           +        1
2
SELECT 1;
1
1
SELECT 1 /* This is an inline comment */ + 1;
1 /* This is an inline comment */ + 1
2
SELECT 1+
/*
this is a
multiple-line comment
*/
1;
1+
/*
this is a
multiple-line comment
*/
1
2
CREATE SCHEMA statements_digest_temp;
DROP SCHEMA statements_digest_temp;
CREATE DATABASE statements_digest_temp;
DROP DATABASE statements_digest_temp;
SELECT 1 from t11;
ERROR 42S02: Table 'statements_digest.t11' doesn't exist
create table t11 (c char(4));
create table t11 (c char(4));
ERROR 42S01: Table 't11' already exists
insert into t11 values("MySQL");
Warnings:
Warning	1265	Data truncated for column 'c' at row 1
####################################
# QUERYING PS STATEMENT DIGEST
####################################
SELECT DIGEST, DIGEST_TEXT, COUNT_STAR, SUM_ROWS_AFFECTED, SUM_WARNINGS,
SUM_ERRORS FROM performance_schema.events_statements_summary_by_digest;
DIGEST	DIGEST_TEXT	COUNT_STAR	SUM_ROWS_AFFECTED	SUM_WARNINGS	SUM_ERRORS
e805b61f502c137bb55d4314543d41c7	TRUNCATE TABLE performance_schema . events_statements_summary_by_digest  	1	0	0	0
7820928705ae7207bab08fd245328f5b	SELECT ? FROM t1  	1	0	0	0
eed80067db060e24035843a30af27d4b	SELECT ? FROM `t1`  	1	0	0	0
2a2d801f9a840ba335a3a3af4f1a2548	SELECT ?, ... FROM t1  	2	0	0	0
440483a113c7c32ea2b0384b35657380	SELECT ? FROM t2  	1	0	0	0
0c1a094380a27a4e55226bfae1af741b	SELECT ?, ... FROM t2  	2	0	0	0
a4168ec0c03d443e991709be1803dd91	INSERT INTO t1 VALUES (?)  	1	1	0	0
48f9afb4172e95d35863e19515757b1c	INSERT INTO t2 VALUES (?)  	1	1	0	0
c998a9bf557d038fb154304f647ff82a	INSERT INTO t3 VALUES (...)  	4	4	0	0
16ce07d8565dc35914f20b7fea9da4f2	INSERT INTO t4 VALUES (...)  	1	1	0	0
a62a64f16fa6af07f4e43dfee1a11060	INSERT INTO t5 VALUES (...)  	1	1	0	0
2a0a00bfa7662d9f89d9f3bd1f5f1c05	INSERT INTO t1 VALUES (?) /* , ... */  	2	7	0	0
319d6b4c3dcf73d056cf81be5812bc41	INSERT INTO t3 VALUES (...) /* , ... */  	1	3	0	0
bdf48a1dee276b0c0a2c98ab0a467faa	INSERT INTO t5 VALUES (...) /* , ... */  	1	3	0	0
31fcbcfc40855a5e6a74902eb360ba4a	INSERT INTO t1 VALUES ( NULL )  	1	1	0	0
fbfa1f8df2bd2d11533611915cd6472c	INSERT INTO t6 VALUES (...)  	5	5	0	0
743dd9e11c8678f868333e5ff37e9e02	SELECT ? + ?  	3	0	0	0
3fd0357704557c8982324120fc665190	SELECT ?  	1	0	0	0
2e70c2a610d36126887b63d6f173620b	CREATE SCHEMA statements_digest_temp  	2	2	0	0
308179c535227a86ef6b6c19b71cc9fa	DROP SCHEMA statements_digest_temp  	2	0	0	0
375dd6afeb8881d10329405b82c9d522	SELECT ? FROM t11  	1	0	0	1
d0f9c2f7e2ea9930e3b40627a70d044d	CREATE TABLE t11 ( c CHARACTER (?) )  	2	0	0	1
16a4361e0a81e2980c3b6ebe5f8f43fc	INSERT INTO t11 VALUES (?)  	1	1	1	0
fcce762d4701f48b75ff3785d51f338d	SHOW WARNINGS  	1	0	0	0
####################################
# CLEANUP
####################################
DROP TABLE IF EXISTS t1;
DROP TABLE IF EXISTS t2;
DROP TABLE IF EXISTS t3;
DROP TABLE IF EXISTS t4;
DROP TABLE IF EXISTS t5;
DROP TABLE IF EXISTS t6;
DROP DATABASE IF EXISTS statements_digest;
