####################################
# SETUP
####################################
CREATE DATABASE statements_digest;
USE statements_digest;
CREATE TABLE t1(a int);
CREATE TABLE t2(a int);
CREATE TABLE t3(a int, b int);
CREATE TABLE t4(a int, b int);
CREATE TABLE t5(a int, b int, c int);
CREATE TABLE t6(a int, b int, c int, d int);
TRUNCATE TABLE performance_schema.events_statements_summary_by_digest;
####################################
# EXECUTION
####################################
SELECT 1 FROM t1;
1
SELECT 1 FROM `t1`;
1
SELECT 1,2 FROM t1;
1	2
SELECT 1, 2, 3, 4 FROM t1;
1	2	3	4
SELECT 1 FROM t2;
1
SELECT 1,2 FROM t2;
1	2
SELECT 1, 2, 3, 4 FROM t2;
1	2	3	4
INSERT INTO t1 VALUES (1);
INSERT INTO t2 VALUES (1);
INSERT INTO t3 VALUES (1, 2);
INSERT INTO t4 VALUES (1, 2);
INSERT INTO t5 VALUES (1, 2, 3);
INSERT INTO t1 VALUES (1), (2), (3);
INSERT INTO t1 VALUES (1), (2), (3), (4);
INSERT INTO t3 VALUES (1, 2), (3, 4), (5, 6);
INSERT INTO t5 VALUES (1, 2, 3), (4, 5, 6), (7, 8, 9);
INSERT INTO t1 VALUES (NULL);
INSERT INTO t3 VALUES (NULL,NULL);
INSERT INTO t3 VALUES (1,NULL);
INSERT INTO t3 VALUES (NULL,1);
INSERT INTO t6 VALUES (NULL, NULL, NULL, NULL);
INSERT INTO t6 VALUES (1, NULL, NULL, NULL);
INSERT INTO t6 VALUES (NULL, 2, NULL, NULL);
INSERT INTO t6 VALUES (1, 2, 3, NULL);
INSERT INTO t6 VALUES (1, 2, NULL, 4);
SELECT                                          1           +        1;
1           +        1
2
SELECT 1;
1
1
SELECT 1 /* This is an inline comment */ + 1;
1 /* This is an inline comment */ + 1
2
SELECT 1+
/*
this is a
multiple-line comment
*/
1;
1+
/*
this is a
multiple-line comment
*/
1
2
CREATE SCHEMA statements_digest_temp;
DROP SCHEMA statements_digest_temp;
CREATE DATABASE statements_digest_temp;
DROP DATABASE statements_digest_temp;
SELECT 1 from t11;
ERROR 42S02: Table 'statements_digest.t11' doesn't exist
create table t11 (c char(4));
create table t11 (c char(4));
ERROR 42S01: Table 't11' already exists
insert into t11 values("MySQL");
Warnings:
Warning	1265	Data truncated for column 'c' at row 1
####################################
# QUERYING PS STATEMENT DIGEST
####################################
SELECT DIGEST, DIGEST_TEXT, COUNT_STAR, SUM_ROWS_AFFECTED, SUM_WARNINGS,
SUM_ERRORS FROM performance_schema.events_statements_summary_by_digest;
DIGEST	DIGEST_TEXT	COUNT_STAR	SUM_ROWS_AFFECTED	SUM_WARNINGS	SUM_ERRORS
70ecd9c9e447fe343322f29d53fe454f	TRUNCATE TABLE performance_schema . events_statements_summary_by_digest  	1	0	0	0
5d495852490f30472a5e451973f373c1	SELECT ? FROM t1  	1	0	0	0
cb0826a38cf1d9e8c77eba5d7d6fb875	SELECT ? FROM `t1`  	1	0	0	0
e4473381b53762af1eb5c12614374f7c	SELECT ?, ... FROM t1  	2	0	0	0
ceee8936a87a0f5175734f5f10e7057c	SELECT ? FROM t2  	1	0	0	0
a7830790d49ef281f87e24d71515aab4	SELECT ?, ... FROM t2  	2	0	0	0
80aecfb2707101fc47d6e7fb2de6832f	INSERT INTO t1 VALUES (?)  	1	1	0	0
3dd3e7bef876fec44fb2a896978ecde9	INSERT INTO t2 VALUES (?)  	1	1	0	0
9fed5893f1e2c272b47f1790acf6d3a1	INSERT INTO t3 VALUES (...)  	4	4	0	0
3d4ff83706c001cbc58741e4583d7b0f	INSERT INTO t4 VALUES (...)  	1	1	0	0
d5c4d8be8f940d3eba1c0c5ae1dc512d	INSERT INTO t5 VALUES (...)  	1	1	0	0
672215bee7346eba333bf643cfd85563	INSERT INTO t1 VALUES (?) /* , ... */  	2	7	0	0
af4f2ef1970475437400e5742e5ec4ed	INSERT INTO t3 VALUES (...) /* , ... */  	1	3	0	0
c8c6cea379a59bd54868aa6a02988de5	INSERT INTO t5 VALUES (...) /* , ... */  	1	3	0	0
ae280d97097bae4d293c1a986ed28418	INSERT INTO t1 VALUES ( NULL )  	1	1	0	0
ebbe3cb851969592e6fc25921fa7b53b	INSERT INTO t6 VALUES (...)  	5	5	0	0
7f07c2f5d5254f45a3365d0a98015862	SELECT ? + ?  	3	0	0	0
70d3e4d0f131fc5324edc990fbed3bd8	SELECT ?  	1	0	0	0
fb40aece1f68b5c3fbaf220bc21ad353	CREATE SCHEMA statements_digest_temp  	2	2	0	0
622ef9323ed99ee165d79477219a693b	DROP SCHEMA statements_digest_temp  	2	0	0	0
cc0ef8eb2f92a6ddf2e93fef99044c92	SELECT ? FROM t11  	1	0	0	1
48730227c5e53dfb6ee765c251930bc6	CREATE TABLE t11 ( c CHARACTER (?) )  	2	0	0	1
5426115bb326553db15da35d0c520b2b	INSERT INTO t11 VALUES (?)  	1	1	1	0
9e23973ea6beef1737da28d6372eebdc	SHOW WARNINGS  	1	0	0	0
####################################
# CLEANUP
####################################
DROP TABLE IF EXISTS t1;
DROP TABLE IF EXISTS t2;
DROP TABLE IF EXISTS t3;
DROP TABLE IF EXISTS t4;
DROP TABLE IF EXISTS t5;
DROP TABLE IF EXISTS t6;
DROP DATABASE IF EXISTS statements_digest;
