####################################
# SETUP
####################################
create database statements_digest;
use statements_digest;
create table t1(a int);
create table t2(a int);
create table t3(a int, b int);
create table t4(a int, b int);
create table t5(a int, b int, c int);
####################################
# EXECUTION
####################################
update performance_schema.setup_consumers
set enabled='YES' where name='statements_digest';
truncate table performance_schema.events_statements_summary_by_digest;
select 1 from t1;
1
select 1,2 from t1;
1	2
select 1, 2, 3, 4 from t1;
1	2	3	4
select 1 from t2;
1
select 1,2 from t2;
1	2
select 1, 2, 3, 4 from t2;
1	2	3	4
insert into t1 values (1);
insert into t2 values (1);
insert into t3 values (1, 2);
insert into t4 values (1, 2);
insert into t5 values (1, 2, 3);
insert into t1 values (1), (2), (3);
insert into t1 values (1), (2), (3), (4);
insert into t3 values (1, 2), (3, 4), (5, 6);
insert into t5 values (1, 2, 3), (4, 5, 6), (7, 8, 9);
####################################
# QUERYING PS STATEMENT DIGEST
####################################
use performance_schema;
select DIGEST, DIGEST_TEXT, COUNT_STAR from events_statements_summary_by_digest;
DIGEST	DIGEST_TEXT	COUNT_STAR
560c2f53c356e1db	TRUNCATE TABLE performance_schema . events_statements_summa  	1
c4cdaf6f814e367d	SELECT # FROM t1  	1
58681943ba1f6965	SELECT #,# FROM t1  	2
dd87e085c2c5a2b6	SELECT # FROM t2  	1
fc7ca6a130fec1a4	SELECT #,# FROM t2  	2
97cd1e37ec961f4a	INSERT INTO t1 VALUES (#)  	1
89711defcba2e7b6	INSERT INTO t2 VALUES (#)  	1
6693dfbe086fb312	INSERT INTO t3 VALUES (#,#)  	1
0da8164710665719	INSERT INTO t4 VALUES (#,#)  	1
11b697ce91a49bb5	INSERT INTO t5 VALUES (#,#)  	1
d8fc73eee346beec	INSERT INTO t1 VALUES (#),(#)  	2
24f69e0e8646bb53	INSERT INTO t3 VALUES (#,#),(#,#)  	1
130a95e23a8da403	INSERT INTO t5 VALUES (#,#),(#,#)  	1
33c8d4d29d3c02f3	USE performance_schema  	1
####################################
# CLEANUP
####################################
use statements_digest;
drop table if exists t1;
drop table if exists t2;
drop table if exists t3;
drop table if exists t4;
drop table if exists t5;
drop database if exists statements_digest;
