####################################
# SETUP
####################################
CREATE DATABASE statements_digest;
USE statements_digest;
CREATE TABLE t1(a int);
CREATE TABLE t2(a int);
CREATE TABLE t3(a int, b int);
CREATE TABLE t4(a int, b int);
CREATE TABLE t5(a int, b int, c int);
SELECT * FROM performance_schema.setup_consumers;
NAME	ENABLED
events_stages_current	YES
events_stages_history	YES
events_stages_history_long	YES
events_statements_current	NO
events_statements_history	YES
events_statements_history_long	YES
events_waits_current	YES
events_waits_history	YES
events_waits_history_long	YES
global_instrumentation	YES
thread_instrumentation	YES
statements_digest	YES
TRUNCATE TABLE performance_schema.events_statements_summary_by_digest;
####################################
# EXECUTION
####################################
SELECT 1 FROM t1;
1
SELECT 1 FROM `t1`;
1
SELECT 1,2 FROM t1;
1	2
SELECT 1, 2, 3, 4 FROM t1;
1	2	3	4
SELECT 1 FROM t2;
1
SELECT 1,2 FROM t2;
1	2
SELECT 1, 2, 3, 4 FROM t2;
1	2	3	4
INSERT INTO t1 VALUES (1);
INSERT INTO t2 VALUES (1);
INSERT INTO t3 VALUES (1, 2);
INSERT INTO t4 VALUES (1, 2);
INSERT INTO t5 VALUES (1, 2, 3);
INSERT INTO t1 VALUES (1), (2), (3);
INSERT INTO t1 VALUES (1), (2), (3), (4);
INSERT INTO t3 VALUES (1, 2), (3, 4), (5, 6);
INSERT INTO t5 VALUES (1, 2, 3), (4, 5, 6), (7, 8, 9);
SELECT                                          1           +        1;
1           +        1
2
SELECT 1;
1
1
SELECT 1 /* This is an inline comment */ + 1;
1 /* This is an inline comment */ + 1
2
SELECT 1+
/*
this is a
multiple-line comment
*/
1;
1+
/*
this is a
multiple-line comment
*/
1
2
CREATE SCHEMA statements_digest_temp;
DROP SCHEMA statements_digest_temp;
CREATE DATABASE statements_digest_temp;
DROP DATABASE statements_digest_temp;
SELECT 1 from t11;
ERROR 42S02: Table 'statements_digest.t11' doesn't exist
create table t11 (c char(4));
create table t11 (c char(4));
ERROR 42S01: Table 't11' already exists
insert into t11 values("MySQL");
Warnings:
Warning	1265	Data truncated for column 'c' at row 1
####################################
# QUERYING PS STATEMENT DIGEST
####################################
SELECT digest, digest_text, count_star FROM performance_schema.events_statements_summary_by_digest;
digest	digest_text	count_star
f7ab835f907f396b	TRUNCATE TABLE performance_schema . events_statements_summary_by_digest  	1
0431ac94abde6328	SELECT ? FROM t1  	1
d798ff4be98e0d26	SELECT ? FROM `t1`  	1
d5016618084cd788	SELECT ?, ... FROM t1  	2
6f08c6cdf2afab43	SELECT ? FROM t2  	1
4fef50eb0b2f2fbc	SELECT ?, ... FROM t2  	2
c4335f4ded28cdc3	INSERT INTO t1 VALUES (?)  	1
b015c102ab03f4bc	INSERT INTO t2 VALUES (?)  	1
f83d4b46c3fe5ff9	INSERT INTO t3 VALUES (...)  	1
b81724d2cfa0ab7f	INSERT INTO t4 VALUES (...)  	1
960035d85bc6d14f	INSERT INTO t5 VALUES (...)  	1
6ee7554974d2ffa1	INSERT INTO t1 VALUES (?) /* , ... */  	2
827ec3eb62c9f2ed	INSERT INTO t3 VALUES (...) /* , ... */  	1
55e9e1b918c4e559	INSERT INTO t5 VALUES (...) /* , ... */  	1
d055f262b12b2384	SELECT ? + ?  	3
de392358e87965c3	SELECT ?  	1
d8bde89f42443bc5	CREATE SCHEMA statements_digest_temp  	2
5f49c045f89918f9	DROP SCHEMA statements_digest_temp  	2
04bbba67445b1f70	SELECT ? FROM t11  	1
60be4562b0114c30	CREATE TABLE t11 ( c CHARACTER (?) )  	2
b1115cec4d694e11	INSERT INTO t11 VALUES (?)  	1
2ff7a4150e76c272	SHOW WARNINGS  	1
SELECT digest, digest_text FROM performance_schema.events_statements_current;
digest	digest_text
####################################
# CLEANUP
####################################
DROP TABLE IF EXISTS t1;
DROP TABLE IF EXISTS t2;
DROP TABLE IF EXISTS t3;
DROP TABLE IF EXISTS t4;
DROP TABLE IF EXISTS t5;
DROP DATABASE IF EXISTS statements_digest;
