####################################
# SETUP
####################################
CREATE DATABASE statements_digest;
USE statements_digest;
CREATE TABLE t1(a int);
CREATE TABLE t2(a int);
CREATE TABLE t3(a int, b int);
CREATE TABLE t4(a int, b int);
CREATE TABLE t5(a int, b int, c int);
SELECT * FROM performance_schema.setup_consumers;
NAME	ENABLED
events_stages_current	YES
events_stages_history	YES
events_stages_history_long	YES
events_statements_current	NO
events_statements_history	YES
events_statements_history_long	YES
events_waits_current	YES
events_waits_history	YES
events_waits_history_long	YES
global_instrumentation	YES
thread_instrumentation	YES
statements_digest	YES
TRUNCATE TABLE performance_schema.events_statements_summary_by_digest;
####################################
# EXECUTION
####################################
SELECT 1 FROM t1;
1
SELECT 1,2 FROM t1;
1	2
SELECT 1, 2, 3, 4 FROM t1;
1	2	3	4
SELECT 1 FROM t2;
1
SELECT 1,2 FROM t2;
1	2
SELECT 1, 2, 3, 4 FROM t2;
1	2	3	4
INSERT INTO t1 VALUES (1);
INSERT INTO t2 VALUES (1);
INSERT INTO t3 VALUES (1, 2);
INSERT INTO t4 VALUES (1, 2);
INSERT INTO t5 VALUES (1, 2, 3);
INSERT INTO t1 VALUES (1), (2), (3);
INSERT INTO t1 VALUES (1), (2), (3), (4);
INSERT INTO t3 VALUES (1, 2), (3, 4), (5, 6);
INSERT INTO t5 VALUES (1, 2, 3), (4, 5, 6), (7, 8, 9);
SELECT                                          1           +        1;
1           +        1
2
SELECT 1;
1
1
SELECT 1 /* This is an inline comment */ + 1;
1 /* This is an inline comment */ + 1
2
SELECT 1+
/*
this is a
multiple-line comment
*/
1;
1+
/*
this is a
multiple-line comment
*/
1
2
CREATE SCHEMA statements_digest_temp;
DROP SCHEMA statements_digest_temp;
CREATE DATABASE statements_digest_temp;
DROP DATABASE statements_digest_temp;
####################################
# QUERYING PS STATEMENT DIGEST
####################################
SELECT digest, digest_text, count_star FROM performance_schema.events_statements_summary_by_digest;
digest	digest_text	count_star
bb399912758e2135	TRUNCATE TABLE performance_schema . events_statements_summary_by_digest  	1
c4cdaf6f814e367d	SELECT ? FROM t1  	1
58681943ba1f6965	SELECT ?, ... FROM t1  	2
dd87e085c2c5a2b6	SELECT ? FROM t2  	1
fc7ca6a130fec1a4	SELECT ?, ... FROM t2  	2
164f41cc7a0b2f31	INSERT INTO t1 VALUES (?)  	1
06bd734b89c6f98f	INSERT INTO t2 VALUES (?)  	1
3a4848d584923fd7	INSERT INTO t3 VALUES (...)  	1
37c0599e49fd77fe	INSERT INTO t4 VALUES (...)  	1
e63c7357e9f87f44	INSERT INTO t5 VALUES (...)  	1
1cd783ad398f6755	INSERT INTO t1 VALUES (?) /* , ... */  	2
f52370e9b5183696	INSERT INTO t3 VALUES (...) /* , ... */  	1
edc61a0866ec47da	INSERT INTO t5 VALUES (...) /* , ... */  	1
06ec53eb6a3e3d4c	SELECT ? + ?  	3
a68272fa2b30c2e3	SELECT ?  	1
49d23ec9aebe975b	CREATE SCHEMA statements_digest_temp  	2
d42c9738d3d96889	DROP SCHEMA statements_digest_temp  	2
SELECT digest, digest_text FROM performance_schema.events_statements_current;
digest	digest_text
####################################
# CLEANUP
####################################
DROP TABLE IF EXISTS t1;
DROP TABLE IF EXISTS t2;
DROP TABLE IF EXISTS t3;
DROP TABLE IF EXISTS t4;
DROP TABLE IF EXISTS t5;
DROP DATABASE IF EXISTS statements_digest;
