drop table if exists t1,t2,t3,t4,t5,t6,t7,t8,t9;
CREATE TABLE `t1` (
`id` int(11) default NULL
) ENGINE=MyISAM DEFAULT CHARSET=latin1
PARTITION BY RANGE (id) (
PARTITION p0 VALUES LESS THAN (6) ENGINE = MyISAM,
PARTITION p1 VALUES LESS THAN (11) ENGINE = MyISAM,
PARTITION p2 VALUES LESS THAN (16) ENGINE = MyISAM,
PARTITION p3 VALUES LESS THAN (21) ENGINE = MyISAM);
INSERT INTO `t1` VALUES (1), (2), (3), (4), (5), (6), (7), (8), (9), (10),
(11), (12), (13), (14), (15), (16), (17), (18), (19), (20);
SELECT * FROM t1;
id
1
2
3
4
5
6
7
8
9
10
11
12
13
14
15
16
17
18
19
20
SELECT * FROM t1 PARTITION (p0);
id
1
2
3
4
5
SELECT * FROM t1 PARTITION (p1);
id
6
7
8
9
10
SELECT * FROM t1 PARTITION (p2);
id
11
12
13
14
15
SELECT * FROM t1 PARTITION (p3);
id
16
17
18
19
20
SELECT * FROM t1 PARTITION (p3) WHERE id = 2;
id
SELECT * FROM t1 PARTITION (foo);
ERROR HY000: partition 'foo' doesn't exist
CREATE TABLE `t2` (
`id` int(11) NOT NULL DEFAULT 0,
PRIMARY KEY (`id`)
) ENGINE=MyISAM DEFAULT CHARSET=latin1
PARTITION BY RANGE (id) (
PARTITION p0 VALUES LESS THAN (6) ENGINE = MyISAM,
PARTITION p1 VALUES LESS THAN (11) ENGINE = MyISAM,
PARTITION p2 VALUES LESS THAN (16) ENGINE = MyISAM,
PARTITION p3 VALUES LESS THAN (21) ENGINE = MyISAM);
INSERT INTO `t2` VALUES (1), (2), (3), (4), (5), (6), (7), (8), (9), (10),
(11), (12), (13), (14), (15), (16), (17), (18), (19), (20);
SELECT * FROM t2;
id
1
2
3
4
5
6
7
8
9
10
11
12
13
14
15
16
17
18
19
20
SELECT * FROM t2 PARTITION (p0);
id
1
2
3
4
5
SELECT * FROM t2 PARTITION (p1);
id
6
7
8
9
10
SELECT * FROM t2 PARTITION (p2);
id
11
12
13
14
15
SELECT * FROM t2 PARTITION (p3);
id
16
17
18
19
20
SELECT * FROM t2 PARTITION (p3) ORDER BY id;
id
16
17
18
19
20
SELECT * FROM t2 PARTITION (p3) WHERE id = 2;
id
SELECT * FROM t2 PARTITION (foo);
ERROR HY000: partition 'foo' doesn't exist
DROP TABLE IF EXISTS `t3`;
Warnings:
Note	1051	Unknown table 'test.t3'
CREATE TABLE `t3` (
`id` int(32) default NULL,
`name` varchar(32) default NULL
) ENGINE=MyISAM DEFAULT CHARSET=latin1 
PARTITION BY LIST (id) (
PARTITION p0 VALUES IN (1,3,5,7),
PARTITION p1 VALUES IN (0,2,4,6,8),
PARTITION p2 VALUES IN (9,10,11,12,13)
);
INSERT INTO `t3` VALUES (1,'first'), (3,'third'),(5,'fifth'),(7,'seventh'),(0,'zilch'),(2,'second'),(4,'fourth'),(6,'sixth'),(8,'eighth'),(9,'ninth'),(10,'tenth'),(11,'eleventh'),(12,'twelfth'),(13,'thirteenth');
SELECT * FROM `t3`;
id	name
1	first
3	third
5	fifth
7	seventh
0	zilch
2	second
4	fourth
6	sixth
8	eighth
9	ninth
10	tenth
11	eleventh
12	twelfth
13	thirteenth
SELECT * FROM `t3` PARTITION (p0);
id	name
1	first
3	third
5	fifth
7	seventh
SELECT * FROM `t3` PARTITION (p1);
id	name
0	zilch
2	second
4	fourth
6	sixth
8	eighth
SELECT * FROM `t3` PARTITION (p2);
id	name
9	ninth
10	tenth
11	eleventh
12	twelfth
13	thirteenth
SELECT * FROM `t3` PARTITION (p2) ORDER BY id;
id	name
9	ninth
10	tenth
11	eleventh
12	twelfth
13	thirteenth
DROP TABLE IF EXISTS `t4`;
Warnings:
Note	1051	Unknown table 'test.t4'
CREATE TABLE `t4` (
`id` int(32) default NULL
) ENGINE=MyISAM DEFAULT CHARSET=latin1 PARTITION BY HASH (id) ;
INSERT INTO `t4` SELECT * FROM `t2`;
INSERT INTO `t4` SELECT * FROM `t2` ORDER BY id;
CREATE TABLE `t5` (
id int(32),
name varchar(64),
purchased date)
PARTITION BY RANGE( YEAR(purchased) )
SUBPARTITION BY HASH( TO_DAYS(purchased) ) (
PARTITION p0 VALUES LESS THAN (1990) (
SUBPARTITION s0,
SUBPARTITION s1
),
PARTITION p1 VALUES LESS THAN (2000) (
SUBPARTITION s2,
SUBPARTITION s3
),
PARTITION p2 VALUES LESS THAN MAXVALUE (
SUBPARTITION s4,
SUBPARTITION s5
)
);
INSERT INTO `t5` VALUES (1, 'aaaaaaa', '2006-01-05 00:00:00');
INSERT INTO `t5` VALUES (2, 'bbbbbbb', '2005-08-05 00:00:00');
INSERT INTO `t5` VALUES (3, 'ccccccc', '1985-08-07 00:00:00');
INSERT INTO `t5` VALUES (4, 'ddddddd', '2000-01-01 00:00:00');
INSERT INTO `t5` VALUES (5, 'eeeeeee', '1999-12-01 00:00:00');
INSERT INTO `t5` VALUES (6, 'fffffff', '2003-11-12 00:00:00');
INSERT INTO `t5` VALUES (7, 'ggggggg', '1990-01-05 00:00:00');
INSERT INTO `t5` VALUES (8, 'hhhhhhh', '1978-01-05 00:00:00');
INSERT INTO `t5` VALUES (9, 'iiiiiii', '1979-01-05 00:00:00');
INSERT INTO `t5` VALUES (10, 'jjjjjjj', '1992-01-05 00:00:00');
INSERT INTO `t5` VALUES (11, 'kkkkkkk', '1993-01-05 00:00:00');
INSERT INTO `t5` VALUES (12, 'mmmmmmm', '1994-01-05 00:00:00');
INSERT INTO `t5` VALUES (13, 'nnnnnnn', '1989-01-05 00:00:00');
INSERT INTO `t5` VALUES (14, 'ooooooo', '1983-12-05 00:00:00');
INSERT INTO `t5` VALUES (15, 'ppppppp', '1986-06-05 00:00:00');
INSERT INTO `t5` VALUES (16, 'qqqqqqq', '1974-04-11 00:00:00');
INSERT INTO `t5` VALUES (17, 'qqqqqqq', '1960-03-15 00:00:00');
INSERT INTO `t5` VALUES (18, 'sssssss', '1950-09-23 00:00:00');
INSERT INTO `t5` VALUES (19, 'ttttttt', '1999-08-02 00:00:00');
INSERT INTO `t5` VALUES (20, 'uuuuuuu', '1994-05-28 00:00:00');
SELECT * FROM `t5`;
id	name	purchased
8	hhhhhhh	1978-01-05
13	nnnnnnn	1989-01-05
14	ooooooo	1983-12-05
18	sssssss	1950-09-23
3	ccccccc	1985-08-07
9	iiiiiii	1979-01-05
15	ppppppp	1986-06-05
16	qqqqqqq	1974-04-11
17	qqqqqqq	1960-03-15
5	eeeeeee	1999-12-01
12	mmmmmmm	1994-01-05
7	ggggggg	1990-01-05
10	jjjjjjj	1992-01-05
11	kkkkkkk	1993-01-05
19	ttttttt	1999-08-02
20	uuuuuuu	1994-05-28
2	bbbbbbb	2005-08-05
6	fffffff	2003-11-12
1	aaaaaaa	2006-01-05
4	ddddddd	2000-01-01
SELECT * FROM `t5` PARTITION(p0) ORDER BY id;
id	name	purchased
3	ccccccc	1985-08-07
8	hhhhhhh	1978-01-05
9	iiiiiii	1979-01-05
13	nnnnnnn	1989-01-05
14	ooooooo	1983-12-05
15	ppppppp	1986-06-05
16	qqqqqqq	1974-04-11
17	qqqqqqq	1960-03-15
18	sssssss	1950-09-23
SELECT * FROM `t5` PARTITION(s0) ORDER BY id;
id	name	purchased
8	hhhhhhh	1978-01-05
13	nnnnnnn	1989-01-05
14	ooooooo	1983-12-05
18	sssssss	1950-09-23
SELECT * FROM `t5` PARTITION(s1) ORDER BY id;
id	name	purchased
3	ccccccc	1985-08-07
9	iiiiiii	1979-01-05
15	ppppppp	1986-06-05
16	qqqqqqq	1974-04-11
17	qqqqqqq	1960-03-15
SELECT * FROM `t5` PARTITION(p1) ORDER BY id;
id	name	purchased
5	eeeeeee	1999-12-01
7	ggggggg	1990-01-05
10	jjjjjjj	1992-01-05
11	kkkkkkk	1993-01-05
12	mmmmmmm	1994-01-05
19	ttttttt	1999-08-02
20	uuuuuuu	1994-05-28
SELECT * FROM `t5` PARTITION(s2) ORDER BY id;
id	name	purchased
5	eeeeeee	1999-12-01
12	mmmmmmm	1994-01-05
SELECT * FROM `t5` PARTITION(s3) ORDER BY id;
id	name	purchased
7	ggggggg	1990-01-05
10	jjjjjjj	1992-01-05
11	kkkkkkk	1993-01-05
19	ttttttt	1999-08-02
20	uuuuuuu	1994-05-28
SELECT * FROM `t5` PARTITION(p2) ORDER BY id;
id	name	purchased
1	aaaaaaa	2006-01-05
2	bbbbbbb	2005-08-05
4	ddddddd	2000-01-01
6	fffffff	2003-11-12
SELECT * FROM `t5` PARTITION(s4) ORDER BY id;
id	name	purchased
2	bbbbbbb	2005-08-05
6	fffffff	2003-11-12
SELECT * FROM `t5` PARTITION(s5) ORDER BY id;
id	name	purchased
1	aaaaaaa	2006-01-05
4	ddddddd	2000-01-01
drop table t1,t2,t3,t4,t5;
create table t1 (a int) partition by hash(a) partitions 3;
insert into t1 values(1),(2),(3);
explain partitions select * from t1 where a=1;
id	select_type	table	partitions	type	possible_keys	key	key_len	ref	rows	Extra
1	SIMPLE	t1	p1	system	NULL	NULL	NULL	NULL	1	
explain partitions select * from t1 partition (p1) where a=1;
id	select_type	table	partitions	type	possible_keys	key	key_len	ref	rows	Extra
1	SIMPLE	t1	p1	system	NULL	NULL	NULL	NULL	1	
explain partitions select * from t1 partition (p1) where a=1 or a=2;
id	select_type	table	partitions	type	possible_keys	key	key_len	ref	rows	Extra
1	SIMPLE	t1	p1	system	NULL	NULL	NULL	NULL	1	
explain partitions select * from t1 partition (p2) where a=1;
id	select_type	table	partitions	type	possible_keys	key	key_len	ref	rows	Extra
1	SIMPLE	NULL	NULL	NULL	NULL	NULL	NULL	NULL	NULL	Impossible WHERE noticed after reading const tables
drop table t1;
