CALL mtr.add_suppression("daemon-memcached-w-batch-size': unsigned");
CALL mtr.add_suppression("Could not obtain server's UPN to be used as target service name");
CALL mtr.add_suppression("InnoDB: Warning: MySQL is trying to drop");
SET @tx_isolation= @@global.tx_isolation;
SET GLOBAL TRANSACTION ISOLATION LEVEL READ UNCOMMITTED;
UNINSTALL PLUGIN daemon_memcached;
create database innodb_memcache;
use innodb_memcache;
CREATE  TABLE IF NOT EXISTS `cache_policies` (
`policy_name` VARCHAR(40) PRIMARY KEY,
`get_policy` ENUM('innodb_only', 'cache_only', 'caching','disabled')
NOT NULL ,
`set_policy` ENUM('innodb_only', 'cache_only','caching','disabled')
NOT NULL ,
`delete_policy` ENUM('innodb_only', 'cache_only', 'caching','disabled')
NOT NULL,
`flush_policy` ENUM('innodb_only', 'cache_only', 'caching','disabled')
NOT NULL
) ENGINE = innodb;
CREATE  TABLE IF NOT EXISTS `containers` (
`name` varchar(50) not null primary key,
`db_schema` VARCHAR(250) NOT NULL,
`db_table` VARCHAR(250) NOT NULL,
`key_columns` VARCHAR(250) NOT NULL,
`value_columns` VARCHAR(250),
`flags` VARCHAR(250) NOT NULL DEFAULT "0",
`cas_column` VARCHAR(250),
`expire_time_column` VARCHAR(250),
`unique_idx_name_on_key` VARCHAR(250) NOT NULL
) ENGINE = InnoDB;
CREATE  TABLE IF NOT EXISTS `config_options` (
`name` varchar(50) not null primary key,
`value` varchar(50)) ENGINE = InnoDB;
INSERT INTO cache_policies VALUES("cache_policy", "innodb_only",
"innodb_only", "innodb_only", "innodb_only");
INSERT INTO config_options VALUES("separator", "|");
INSERT INTO containers VALUES ("desc_t1", "test", "t1",
"c1", "c2,c21", "c3", "c4", "c5", "PRIMARY");
USE test;
CREATE TABLE t1        (c1 VARCHAR(32),
c2 VARCHAR(5),
c21 VARCHAR(1024),
c3 INT, c4 BIGINT UNSIGNED, c5 INT, primary key(c1))
ENGINE = INNODB;
INSERT INTO t1 VALUES ('D', '1', 'City', 0, 0, 0);
INSERT INTO t1 VALUES ('B', '2', 'Mitte', 0, 0, 0);
INSERT INTO t1 VALUES ('C', '3', 'West', 0, 0 ,0);
INSERT INTO t1 VALUES ('H', '4', 'Norderstedt', 0, 0, 0);
INSTALL PLUGIN daemon_memcached SONAME 'libmemcached.so';
SELECT c1,c2,c21 FROM t1;
c1	c2	c21
B	2	Mitte
C	3	West
D	1	City
H	4	Norderstedt
Here the memcached results with D,B,H,C:
1|City
2|Mitte
4|Norderstedt
3|West
SELECT c1,c2,c21 FROM t1;
c1	c2	c21
B	2	Mitte
C	3	West
D	1	City
H	4	Norderstedt
Here the memcached results after set:
5|Ost
SELECT c1,c2,c21 FROM t1;
c1	c2	c21
B	2	Mitte
C	3	West
D	1	City
E	5	Ost
H	4	Norderstedt
Here the memcached results after add:
6|Sachsenhause
SELECT c1,c2,c21 FROM t1;
c1	c2	c21
B	2	Mitte
C	3	West
D	1	City
E	5	Ost
F	6	Sachsenhause
H	4	Norderstedt
Here the memcached results after replace:
61|Sachsenhausen
SELECT c1,c2,c21 FROM t1;
c1	c2	c21
B	2	Mitte
C	3	West
D	1	City
E	5	Ost
F	61	Sachsenhausen
H	4	Norderstedt
Here the memcached results after delete:
SELECT c1,c2,c21 FROM t1;
c1	c2	c21
B	2	Mitte
C	3	West
D	1	City
E	5	Ost
H	4	Norderstedt
Here the memcached results after add Frankfurt|:
6|a
Here the memcached results after add |Airport:
6|a
SELECT c1,c2,c21 FROM t1;
c1	c2	c21
B	2	Mitte
C	3	West
D	1	City
E	5	Ost
F	6	a
H	4	Norderstedt
Here the memcached results after replace Frankfurt a.M.:
61|s
Here the memcached results after replace Sachsenhausen:
Sachsenhausen
SELECT c1,c2,c21 FROM t1;
c1	c2	c21
B	2	Mitte
C	3	West
D	1	City
E	5	Ost
F	NULL	Sachsenhausen
H	4	Norderstedt
DROP TABLE t1;
DROP DATABASE innodb_memcache;
SET @@global.tx_isolation= @tx_isolation;
