CALL mtr.add_suppression("daemon-memcached-w-batch-size': unsigned");
CALL mtr.add_suppression("Could not obtain server's UPN to be used as target service name");
CALL mtr.add_suppression("InnoDB: Warning: MySQL is trying to drop");
SET @tx_isolation= @@global.tx_isolation;
SET GLOBAL TRANSACTION ISOLATION LEVEL READ UNCOMMITTED;
UNINSTALL PLUGIN daemon_memcached;
create database innodb_memcache;
use innodb_memcache;
CREATE  TABLE IF NOT EXISTS `cache_policies` (
`policy_name` VARCHAR(40) PRIMARY KEY,
`get_policy` ENUM('innodb_only', 'cache_only', 'caching','disabled')
NOT NULL ,
`set_policy` ENUM('innodb_only', 'cache_only','caching','disabled')
NOT NULL ,
`delete_policy` ENUM('innodb_only', 'cache_only', 'caching','disabled')
NOT NULL,
`flush_policy` ENUM('innodb_only', 'cache_only', 'caching','disabled')
NOT NULL
) ENGINE = innodb;
CREATE  TABLE IF NOT EXISTS `containers` (
`name` varchar(50) not null primary key,
`db_schema` VARCHAR(250) NOT NULL,
`db_table` VARCHAR(250) NOT NULL,
`key_columns` VARCHAR(250) NOT NULL,
`value_columns` VARCHAR(250),
`flags` VARCHAR(250) NOT NULL DEFAULT "0",
`cas_column` VARCHAR(250),
`expire_time_column` VARCHAR(250),
`unique_idx_name_on_key` VARCHAR(250) NOT NULL
) ENGINE = InnoDB;
CREATE  TABLE IF NOT EXISTS `config_options` (
`name` varchar(50) not null primary key,
`value` varchar(50)) ENGINE = InnoDB;
INSERT INTO cache_policies VALUES("cache_policy", "innodb_only",
"innodb_only", "innodb_only", "innodb_only");
INSERT INTO config_options VALUES("separator", "|");
INSERT INTO containers VALUES ("desc_t1", "test", "t1",
"c1", "c2",  "c3", "c4", "c5", "PRIMARY");
USE test;
DROP TABLE IF EXISTS t1;
Warnings:
Note	1051	Unknown table 'test.t1'
CREATE TABLE t1        (c1 VARCHAR(255),
c2 VARCHAR(1024),
c3 INT, c4 BIGINT UNSIGNED, c5 INT, primary key(c1))
ENGINE = INNODB;
INSERT INTO t1 VALUES ('1', '10', 0, 0, 0);
INSERT INTO t1 VALUES ('2', '20', 0, 0, 0);
INSERT INTO t1 VALUES ('3', 'Berlin', 0, 0 ,0);
INSERT INTO t1 VALUES ('4', '40', 0, 0, 0);
INSTALL PLUGIN daemon_memcached SONAME 'libmemcached.so';
SELECT c1,c2 FROM t1;
c1	c2
1	10
2	20
3	Berlin
4	40
Here the memcached results:
10
20
Berlin
40
Here the memcached results after decr 4|40:
39
19
19
SELECT c1,c2 FROM t1;
c1	c2
1	10
2	20
3	0
4	19
DROP TABLE IF EXISTS t1;
DROP DATABASE innodb_memcache;
SET @@global.tx_isolation= @tx_isolation;
