SET @tx_isolation= @@global.tx_isolation;
SET GLOBAL TRANSACTION ISOLATION LEVEL READ UNCOMMITTED;
UNINSTALL PLUGIN daemon_memcached;
INSERT INTO cache_policies VALUES("cache_policy", "innodb_only",
"innodb_only", "innodb_only", "innodb_only");
INSERT INTO config_options VALUES("separator", "|");
INSERT INTO containers VALUES ("desc_t1", "test", "t1",
"c11", "c2,c21", "c3", "c4", "c5", "PRIMARY");
CREATE USER mysqltest1@localhost;
USE test;
CREATE TABLE t1        (c1  VARCHAR(32),
c11 VARCHAR(32),
c2  VARCHAR(1024),
c21 VARCHAR(1024),
c3 INT, c4 BIGINT UNSIGNED, c5 INT, primary key(c1,c11))
ENGINE = INNODB;
CREATE TABLE t2        (c1 VARCHAR(32),
c2 VARCHAR(255),
c21 VARCHAR(255),
c3 INT, c4 BIGINT UNSIGNED, c5 INT, primary key(c1))
ENGINE = INNODB;
INSERT INTO t1 VALUES ('D','D', 'Darmstadt', 'City', 0, 0, 0);
INSERT INTO t1 VALUES ('B','B', 'Berlin', 'Mitte', 0, 0, 0);
INSERT INTO t1 VALUES ('C','C', 'Cottbus', 'West', 0, 0 ,0);
INSERT INTO t1 VALUES ('H','H', 'Hamburg', 'Norderstedt', 0, 0, 0);
INSERT INTO t2 VALUES ('D', 'Darmstadt', 'City', 0, 0, 0);
INSERT INTO t2 VALUES ('B', 'Berlin', 'Mitte', 0, 0, 0);
INSERT INTO t2 VALUES ('C', 'Cottbus', 'West', 0, 0 ,0);
INSERT INTO t2 VALUES ('H', 'Hamburg', 'Norderstedt', 0, 0, 0);
INSTALL PLUGIN daemon_memcached SONAME 'libmemcached.so';
UNINSTALL PLUGIN daemon_memcached;
USE test;
DROP TABLE t1;
CREATE TABLE t1        (c1  VARCHAR(32),
c11 VARCHAR(32),
c2  VARCHAR(1024),
c21 VARCHAR(1024),
c3 INT, c4 BIGINT UNSIGNED, c5 INT, primary key(c1));
INSERT INTO t1 VALUES ('D','D', 'Darmstadt', 'City', 0, 0, 0);
INSERT INTO t1 VALUES ('B','B', 'Berlin', 'Mitte', 0, 0, 0);
INSERT INTO t1 VALUES ('C','C', 'Cottbus', 'West', 0, 0 ,0);
INSERT INTO t1 VALUES ('H','H', 'Hamburg', 'Norderstedt', 0, 0, 0);
INSTALL PLUGIN daemon_memcached SONAME 'libmemcached.so';
USE test;
SELECT c1,c11,c2,c21 FROM t1;
c1	c11	c2	c21
B	B	Berlin	Mitte
C	C	Cottbus	West
D	D	Darmstadt	City
H	H	Hamburg	Norderstedt
Here the memcached results with D,B,H,C:
SELECT c1,c11,c2,c21 FROM t1;
c1	c11	c2	c21
B	B	Berlin	Mitte
C	C	Cottbus	West
D	D	Darmstadt	City
H	H	Hamburg	Norderstedt
Here the memcached results after set:
SELECT c1,c11,c2,c21 FROM t1;
c1	c11	c2	c21
B	B	Berlin	Mitte
C	C	Cottbus	West
D	D	Darmstadt	City
H	H	Hamburg	Norderstedt
Here the memcached results after add:
SELECT c1,c11,c2,c21 FROM t1;
c1	c11	c2	c21
B	B	Berlin	Mitte
C	C	Cottbus	West
D	D	Darmstadt	City
H	H	Hamburg	Norderstedt
Here the memcached results after replace:
SELECT c1,c11,c2,c21 FROM t1;
c1	c11	c2	c21
B	B	Berlin	Mitte
C	C	Cottbus	West
D	D	Darmstadt	City
H	H	Hamburg	Norderstedt
Here the memcached results after delete:
SELECT c1,c11,c2,c21 FROM t1;
c1	c11	c2	c21
B	B	Berlin	Mitte
C	C	Cottbus	West
D	D	Darmstadt	City
H	H	Hamburg	Norderstedt
Here the memcached results after add Frankfurt|Airport:
SELECT c1,c11,c2,c21 FROM t1;
c1	c11	c2	c21
B	B	Berlin	Mitte
C	C	Cottbus	West
D	D	Darmstadt	City
H	H	Hamburg	Norderstedt
Here the memcached results after replace Frankfurt a.M|Sachsenhausen.:
SELECT c1,c11,c2,c21 FROM t1;
c1	c11	c2	c21
B	B	Berlin	Mitte
C	C	Cottbus	West
D	D	Darmstadt	City
H	H	Hamburg	Norderstedt
UNINSTALL PLUGIN daemon_memcached;
ALTER TABLE test.t1 DROP PRIMARY KEY;
INSTALL PLUGIN daemon_memcached SONAME 'libmemcached.so';
Here the memcached results after set:
SELECT c1,c11,c2,c21 FROM t1;
c1	c11	c2	c21
B	B	Berlin	Mitte
C	C	Cottbus	West
D	D	Darmstadt	City
H	H	Hamburg	Norderstedt
UNINSTALL PLUGIN daemon_memcached;
ALTER TABLE test.t1 ADD CONSTRAINT PRIMARY KEY (c11);
INSTALL PLUGIN daemon_memcached SONAME 'libmemcached.so';
SHOW CREATE TABLE test.t1;
Table	Create Table
t1	CREATE TABLE `t1` (
  `c1` varchar(32) NOT NULL DEFAULT '',
  `c11` varchar(32) NOT NULL DEFAULT '',
  `c2` varchar(1024) DEFAULT NULL,
  `c21` varchar(1024) DEFAULT NULL,
  `c3` int(11) DEFAULT NULL,
  `c4` bigint(20) unsigned DEFAULT NULL,
  `c5` int(11) DEFAULT NULL,
  PRIMARY KEY (`c11`)
) ENGINE=InnoDB DEFAULT CHARSET=latin1
Here the memcached results after set:
SELECT c1,c11,c2,c21 FROM t1;
c1	c11	c2	c21
B	B	Berlin	Mitte
C	C	Cottbus	West
D	D	Darmstadt	City
H	H	Hamburg	Norderstedt
UNINSTALL PLUGIN daemon_memcached;
ALTER TABLE test.t1 DROP COLUMN c1;
INSTALL PLUGIN daemon_memcached SONAME 'libmemcached.so';
Here the memcached results after add:
Essen|Ost
Frankfurt|Sachsenhause
Hamburg|Norderstedt
SELECT c11,c2,c21 FROM t1;
c11	c2	c21
B	Berlin	Mitte
C	Cottbus	West
D	Darmstadt	City
E	Essen	Ost
F	Frankfurt	Sachsenhause
H	Hamburg	Norderstedt
DROP TABLE t1;
DROP TABLE t2;
DROP DATABASE innodb_memcache;
DROP USER mysqltest1@localhost;
SET @@global.tx_isolation= @tx_isolation;
