SET @tx_isolation= @@global.tx_isolation;
SET GLOBAL TRANSACTION ISOLATION LEVEL READ UNCOMMITTED;
UNINSTALL PLUGIN daemon_memcached;
INSERT INTO cache_policies VALUES("cache_policy", "innodb_only",
"innodb_only", "innodb_only", "innodb_only");
INSERT INTO config_options VALUES("separator", "|");
INSERT INTO containers VALUES ("desc_t1", "test", "t1",
"c1", "c2,c21", "c3", "c4", "c5", "PRIMARY");
USE test;
DROP TABLE IF EXISTS t1;
CREATE TABLE t1        (c1 VARCHAR(32),
c2 INT,
c21 VARCHAR(1024),
c3 INT, c4 BIGINT UNSIGNED, c5 INT, primary key(c1))
ENGINE = INNODB;
INSERT INTO t1 VALUES ('D', 1, 'City', 0, 0, 0);
INSERT INTO t1 VALUES ('B', 2, 'Mitte', 0, 0, 0);
INSERT INTO t1 VALUES ('C', 3, 'West', 0, 0 ,0);
INSERT INTO t1 VALUES ('H', 4, 'Norderstedt', 0, 0, 0);
INSTALL PLUGIN daemon_memcached SONAME 'libmemcached.so';
SELECT c1,c2,c21 FROM t1;
c1	c2	c21
B	2	Mitte
C	3	West
D	1	City
H	4	Norderstedt
Here the memcached results with D,B,H,C:
SELECT c1,c2,c21 FROM t1;
c1	c2	c21
B	2	Mitte
C	3	West
D	1	City
H	4	Norderstedt
Here the memcached results after set:
SELECT c1,c2,c21 FROM t1;
c1	c2	c21
B	2	Mitte
C	3	West
D	1	City
H	4	Norderstedt
ALTER TABLE t1 MODIFY c2 varchar(20);
Here the memcached results with D,B,H,C:
Here the memcached results after set:
SELECT c1,c2,c21 FROM t1;
c1	c2	c21
B	2	Mitte
C	3	West
D	1	City
H	4	Norderstedt
UNINSTALL PLUGIN daemon_memcached;
INSTALL PLUGIN daemon_memcached SONAME 'libmemcached.so';
Here the memcached results with D,B,H,C:
1|City
2|Mitte
4|Norderstedt
3|West
Here the memcached results after set:
5|Ost
SELECT c1,c2,c21 FROM t1;
c1	c2	c21
B	2	Mitte
C	3	West
D	1	City
E	5	Ost
H	4	Norderstedt
DROP TABLE t1;
DROP DATABASE innodb_memcache;
SET @@global.tx_isolation= @tx_isolation;
