SET @tx_isolation= @@global.tx_isolation;
SET GLOBAL TRANSACTION ISOLATION LEVEL READ UNCOMMITTED;
UNINSTALL PLUGIN daemon_memcached;
INSERT INTO cache_policies VALUES("cache_policy", "innodb_only",
"innodb_only", "innodb_only", "innodb_only");
INSERT INTO config_options VALUES("separator", "|");
INSERT INTO containers VALUES ("desc_t1", "test", "t1",
"c1", "c2,c21,c22,c23,c24,c25", "c3", "c4", "c5", "PRIMARY");
USE test;
CREATE TABLE t1        (c1 VARCHAR(32),
c2 VARCHAR(40),
c21 VARCHAR(40),
c22 VARCHAR(40),
c23 VARCHAR(40),
c24 VARCHAR(40),
c25 VARCHAR(40),
c3 INT, c4 BIGINT UNSIGNED, c5 INT, primary key(c1))
ENGINE = INNODB DEFAULT CHARSET UTF8;
INSERT INTO t1 VALUES ('D', 'Darmstadt', 'City','1', 'dddddddddddddd', '1234', '2012', 0, 0, 0);
INSERT INTO t1 VALUES ('B', 'Berlin', 'Mitte', '2', 'bbbbbbbbbbbbbb', '2345', '2012', 0, 0, 0);
INSERT INTO t1 VALUES ('C', 'Cottbus', 'West', '3', 'cccccccccccccc', '3456', '2012', 0, 0 ,0);
INSERT INTO t1 VALUES ('M', 'München', 'Süd', '4', 'ÜÖÄßüöä', '4567', '2012', 0, 0, 0);
INSTALL PLUGIN daemon_memcached SONAME 'libmemcached.so';
SHOW CREATE TABLE t1;
Table	Create Table
t1	CREATE TABLE `t1` (
  `c1` varchar(32) NOT NULL DEFAULT '',
  `c2` varchar(40) DEFAULT NULL,
  `c21` varchar(40) DEFAULT NULL,
  `c22` varchar(40) DEFAULT NULL,
  `c23` varchar(40) DEFAULT NULL,
  `c24` varchar(40) DEFAULT NULL,
  `c25` varchar(40) DEFAULT NULL,
  `c3` int(11) DEFAULT NULL,
  `c4` bigint(20) unsigned DEFAULT NULL,
  `c5` int(11) DEFAULT NULL,
  PRIMARY KEY (`c1`)
) ENGINE=InnoDB DEFAULT CHARSET=utf8
SELECT c1,c2,c21,c22,c23,c24,c25 FROM t1;
c1	c2	c21	c22	c23	c24	c25
B	Berlin	Mitte	2	bbbbbbbbbbbbbb	2345	2012
C	Cottbus	West	3	cccccccccccccc	3456	2012
D	Darmstadt	City	1	dddddddddddddd	1234	2012
M	München	Süd	4	ÜÖÄßüöä	4567	2012
Here the memcached results with D,B,M,C:
SELECT c1,c2,c21,c22,c23,c24,c25 FROM t1;
c1	c2	c21	c22	c23	c24	c25
B	Berlin	Mitte	2	bbbbbbbbbbbbbb	2345	2012
C	Cottbus	West	3	cccccccccccccc	3456	2012
D	Darmstadt	City	1	dddddddddddddd	1234	2012
M	München	Süd	4	ÜÖÄßüöä	4567	2012
Here the memcached results after set:
SELECT c1,c2,c21,c22,c23,c24,c25 FROM t1;
c1	c2	c21	c22	c23	c24	c25
B	Berlin	Mitte	2	bbbbbbbbbbbbbb	2345	2012
C	Cottbus	West	3	cccccccccccccc	3456	2012
D	Darmstadt	City	1	dddddddddddddd	1234	2012
M	München	Süd	4	ÜÖÄßüöä	4567	2012
DROP TABLE t1;
DROP DATABASE innodb_memcache;
SET @@global.tx_isolation= @tx_isolation;
