stop slave;
drop table if exists t1,t2,t3,t4,t5,t6,t7,t8,t9;
reset master;
reset slave;
drop table if exists t1,t2,t3,t4,t5,t6,t7,t8,t9;
start slave;
call mtr.add_suppression(" Slave: Can't find record in 't1' Error_code: 1032");
SET @saved_slave_rows_search_algorithms= @@global.slave_rows_search_algorithms;
SET GLOBAL slave_rows_search_algorithms= 'INDEX_SCAN,HASH_SCAN';
CREATE TABLE t1 (a INT);
INSERT INTO t1 VALUES (1), (1), (2), (3);
DELETE FROM t1;
INSERT INTO t1 VALUES (2), (1), (3), (1);
UPDATE t1 SET a=1000 WHERE a=1;
Comparing tables master:test.t1 and master:test.t1
DELETE FROM t1 WHERE a=1000;
DELETE FROM t1 WHERE a=2 OR a=3;
Comparing tables master:test.t1 and slave:test.t1
stop slave;
drop table if exists t1,t2,t3,t4,t5,t6,t7,t8,t9;
reset master;
reset slave;
drop table if exists t1,t2,t3,t4,t5,t6,t7,t8,t9;
start slave;
SET SQL_LOG_BIN=0;
CREATE TABLE t1 (a INT, b INT);
SET SQL_LOG_BIN=1;
CREATE TABLE t1 (a INT);
INSERT INTO t1 VALUES (1,1), (1,2), (2,1), (2,2);
UPDATE t1 SET a=1000 WHERE a=1;
SELECT * FROM t1;
a	b
1000	1
1000	2
2	1
2	2
SELECT * FROM t1;
a
1000
1000
2
2
DELETE FROM t1 WHERE a=1000;
DELETE FROM t1 WHERE a=2;
SELECT * FROM t1;
a	b
SELECT * FROM t1;
a
stop slave;
drop table if exists t1,t2,t3,t4,t5,t6,t7,t8,t9;
reset master;
reset slave;
drop table if exists t1,t2,t3,t4,t5,t6,t7,t8,t9;
start slave;
CREATE TABLE t1 (a INT);
INSERT INTO t1 VALUES (1), (1), (2), (3);
DELETE FROM t1 WHERE a=1;
DELETE FROM t1 WHERE a=2;
UPDATE t1 SET a=1000 WHERE a=1;
--source include/wait_for_slave_sql_error_and_skip.inc
SET GLOBAL SQL_SLAVE_SKIP_COUNTER=1;
include/start_slave.inc
DELETE FROM t1 WHERE a=2;
--source include/wait_for_slave_sql_error_and_skip.inc
SET GLOBAL SQL_SLAVE_SKIP_COUNTER=1;
include/start_slave.inc
DROP TABLE t1;
stop slave;
drop table if exists t1,t2,t3,t4,t5,t6,t7,t8,t9;
reset master;
reset slave;
drop table if exists t1,t2,t3,t4,t5,t6,t7,t8,t9;
start slave;
CREATE TABLE t1 (a INT, b TINYBLOB);
INSERT INTO t1 VALUES (1,'a'), (1, 'b'), (2,'aa'), (2, 'aa');
UPDATE t1 SET b='c' WHERE a=1;
Comparing tables master:test.t1 and slave:test.t1
UPDATE t1 SET a=10000 WHERE b='aa';
Comparing tables master:test.t1 and slave:test.t1
UPDATE t1 SET b='c' WHERE b='aa';
Comparing tables master:test.t1 and slave:test.t1
DELETE FROM t1 WHERE b='c';
Comparing tables master:test.t1 and slave:test.t1
stop slave;
drop table if exists t1,t2,t3,t4,t5,t6,t7,t8,t9;
reset master;
reset slave;
drop table if exists t1,t2,t3,t4,t5,t6,t7,t8,t9;
start slave;
CREATE TABLE t1 (a TINYBLOB, b TINYBLOB);
INSERT INTO t1 VALUES ('a','a'), ('b', 'b'), ('a','aa'), ('a', 'aa');
UPDATE t1 SET b='c' WHERE b='aa';
Comparing tables master:test.t1 and slave:test.t1
DELETE FROM t1;
Comparing tables master:test.t1 and slave:test.t1
INSERT INTO t1 VALUES (NULL,NULL), (NULL, NULL);
DELETE FROM t1;
Comparing tables master:test.t1 and slave:test.t1
stop slave;
drop table if exists t1,t2,t3,t4,t5,t6,t7,t8,t9;
reset master;
reset slave;
drop table if exists t1,t2,t3,t4,t5,t6,t7,t8,t9;
start slave;
SET @@global.slave_rows_search_algorithms= @saved_slave_rows_search_algorithms;
