CREATE TABLE test_ps_sample_pages (a INT, PRIMARY KEY (a)) ENGINE=INNODB;
SHOW CREATE TABLE test_ps_sample_pages;
Table	test_ps_sample_pages
Create Table	CREATE TABLE `test_ps_sample_pages` (
  `a` int(11) NOT NULL DEFAULT '0',
  PRIMARY KEY (`a`)
) ENGINE=InnoDB DEFAULT CHARSET=latin1
SELECT create_options FROM information_schema.tables
WHERE table_name='test_ps_sample_pages';
create_options	
DROP TABLE test_ps_sample_pages;
CREATE TABLE test_ps_sample_pages (a INT, PRIMARY KEY (a)) ENGINE=INNODB
STATS_SAMPLE_PAGES=default;
SHOW CREATE TABLE test_ps_sample_pages;
Table	test_ps_sample_pages
Create Table	CREATE TABLE `test_ps_sample_pages` (
  `a` int(11) NOT NULL DEFAULT '0',
  PRIMARY KEY (`a`)
) ENGINE=InnoDB DEFAULT CHARSET=latin1
SELECT create_options FROM information_schema.tables
WHERE table_name='test_ps_sample_pages';
create_options	
DROP TABLE test_ps_sample_pages;
CREATE TABLE test_ps_sample_pages (a INT, PRIMARY KEY (a)) ENGINE=INNODB
STATS_SAMPLE_PAGES=-5;
ERROR 42000: You have an error in your SQL syntax; check the manual that corresponds to your MySQL server version for the right syntax to use near '-5' at line 2
CREATE TABLE test_ps_sample_pages (a INT, PRIMARY KEY (a)) ENGINE=INNODB
STATS_SAMPLE_PAGES=0;
ERROR 42000: You have an error in your SQL syntax; check the manual that corresponds to your MySQL server version for the right syntax to use near '0' at line 2
CREATE TABLE test_ps_sample_pages (a INT, PRIMARY KEY (a)) ENGINE=INNODB
STATS_SAMPLE_PAGES=1;
SHOW CREATE TABLE test_ps_sample_pages;
Table	test_ps_sample_pages
Create Table	CREATE TABLE `test_ps_sample_pages` (
  `a` int(11) NOT NULL DEFAULT '0',
  PRIMARY KEY (`a`)
) ENGINE=InnoDB DEFAULT CHARSET=latin1 STATS_SAMPLE_PAGES=1
SELECT create_options FROM information_schema.tables
WHERE table_name='test_ps_sample_pages';
create_options	stats_sample_pages=1
DROP TABLE test_ps_sample_pages;
CREATE TABLE test_ps_sample_pages (a INT, PRIMARY KEY (a)) ENGINE=INNODB
STATS_SAMPLE_PAGES=5678;
SHOW CREATE TABLE test_ps_sample_pages;
Table	test_ps_sample_pages
Create Table	CREATE TABLE `test_ps_sample_pages` (
  `a` int(11) NOT NULL DEFAULT '0',
  PRIMARY KEY (`a`)
) ENGINE=InnoDB DEFAULT CHARSET=latin1 STATS_SAMPLE_PAGES=5678
SELECT create_options FROM information_schema.tables
WHERE table_name='test_ps_sample_pages';
create_options	stats_sample_pages=5678
DROP TABLE test_ps_sample_pages;
