CREATE TABLE t1(c1 INT PRIMARY KEY) ENGINE=InnoDB;
BEGIN;
INSERT INTO t1 VALUES(1), (2), (3), (4);
SET SESSION debug="+d,crash_commit_before";
COMMIT;
ERROR HY000: Lost connection to MySQL server during query
SELECT * FROM t1;
c1
SELECT * FROM t1;
c1
SELECT * FROM t1;
c1
DROP TABLE t1;
