set @global_innodb_file_per_table_orig = @@global.innodb_file_per_table;
set @global_innodb_file_format_orig= @@global.innodb_file_format;
set global innodb_file_per_table = off;
# files in MYSQL_DATA_DIR
ibtmp1
drop table if exists t1;
select @@global.innodb_file_per_table;
@@global.innodb_file_per_table
0
create temporary table t1 (i int, f float, c char(100)) engine=innodb;
insert into t1 values (100, 1.1, 'pune');
insert into t1 values (99, 1.2, 'mumbai');
insert into t1 values (98, 1.3, 'jaipur');
insert into t1 values (97, 1.4, 'delhi');
insert into t1 values (96, 1.5, 'ahmedabad');
select * from t1;
i	f	c
100	1.1	pune
99	1.2	mumbai
98	1.3	jaipur
97	1.4	delhi
96	1.5	ahmedabad
select * from t1 where i = 98;
i	f	c
98	1.3	jaipur
select * from t1 where i < 100;
i	f	c
99	1.2	mumbai
98	1.3	jaipur
97	1.4	delhi
96	1.5	ahmedabad
explain select * from t1 where f > 1.29999;
id	select_type	table	type	possible_keys	key	key_len	ref	rows	Extra
1	SIMPLE	t1	ALL	NULL	NULL	NULL	NULL	5	Using where
alter table t1 add index sec_index(f);
explain select * from t1 where f > 1.29999;
id	select_type	table	type	possible_keys	key	key_len	ref	rows	Extra
1	SIMPLE	t1	ALL	sec_index	NULL	NULL	NULL	5	Using where
select * from t1 where f > 1.29999;
i	f	c
98	1.3	jaipur
97	1.4	delhi
96	1.5	ahmedabad
explain select * from t1 where i = 100;
id	select_type	table	type	possible_keys	key	key_len	ref	rows	Extra
1	SIMPLE	t1	ALL	NULL	NULL	NULL	NULL	5	Using where
alter table t1 add unique index pri_index(i);
explain select * from t1 where i = 100;
id	select_type	table	type	possible_keys	key	key_len	ref	rows	Extra
1	SIMPLE	t1	const	pri_index	pri_index	5	const	1	NULL
select * from t1 where i = 100;
i	f	c
100	1.1	pune
delete from t1 where i < 97;
select * from t1;
i	f	c
100	1.1	pune
99	1.2	mumbai
98	1.3	jaipur
97	1.4	delhi
insert into t1 values (96, 1.5, 'kolkata');
select * from t1;
i	f	c
100	1.1	pune
99	1.2	mumbai
98	1.3	jaipur
97	1.4	delhi
96	1.5	kolkata
update t1 set f = 1.44 where c = 'delhi';
select * from t1;
i	f	c
100	1.1	pune
99	1.2	mumbai
98	1.3	jaipur
97	1.44	delhi
96	1.5	kolkata
truncate table t1;
insert into t1 values (100, 1.1, 'pune');
insert into t1 values (99, 1.2, 'mumbai');
insert into t1 values (98, 1.3, 'jaipur');
insert into t1 values (97, 1.4, 'delhi');
insert into t1 values (96, 1.5, 'ahmedabad');
select * from t1;
i	f	c
100	1.1	pune
99	1.2	mumbai
98	1.3	jaipur
97	1.4	delhi
96	1.5	ahmedabad
alter table t1 import tablespace;
ERROR HY000: Table 't1' in system tablespace
drop table t1;
#files in MYSQL_TMP_DIR
set global innodb_file_per_table = on;
set global innodb_file_format = 'Barracuda';
select @@global.innodb_file_per_table;
@@global.innodb_file_per_table
1
create temporary table t1
(i int, f float, c char(100)) engine = innodb key_block_size = 4;
show create table t1;
Table	Create Table
t1	CREATE TEMPORARY TABLE `t1` (
  `i` int(11) DEFAULT NULL,
  `f` float DEFAULT NULL,
  `c` char(100) DEFAULT NULL
) ENGINE=InnoDB DEFAULT CHARSET=latin1 KEY_BLOCK_SIZE=4
#files in MYSQL_TMP_DIR
#sql<temporary>.ibd
insert into t1 values (100, 1.1, 'pune');
insert into t1 values (99, 1.2, 'mumbai');
insert into t1 values (98, 1.3, 'jaipur');
insert into t1 values (97, 1.4, 'delhi');
insert into t1 values (96, 1.5, 'ahmedabad');
select * from t1;
i	f	c
100	1.1	pune
99	1.2	mumbai
98	1.3	jaipur
97	1.4	delhi
96	1.5	ahmedabad
select * from t1 where i = 98;
i	f	c
98	1.3	jaipur
select * from t1 where i < 100;
i	f	c
99	1.2	mumbai
98	1.3	jaipur
97	1.4	delhi
96	1.5	ahmedabad
explain select * from t1 where f > 1.29999;
id	select_type	table	type	possible_keys	key	key_len	ref	rows	Extra
1	SIMPLE	t1	ALL	NULL	NULL	NULL	NULL	5	Using where
alter table t1 add index sec_index(f);
explain select * from t1 where f > 1.29999;
id	select_type	table	type	possible_keys	key	key_len	ref	rows	Extra
1	SIMPLE	t1	ALL	sec_index	NULL	NULL	NULL	5	Using where
select * from t1 where f > 1.29999;
i	f	c
98	1.3	jaipur
97	1.4	delhi
96	1.5	ahmedabad
explain select * from t1 where i = 100;
id	select_type	table	type	possible_keys	key	key_len	ref	rows	Extra
1	SIMPLE	t1	ALL	NULL	NULL	NULL	NULL	5	Using where
alter table t1 add unique index pri_index(i);
explain select * from t1 where i = 100;
id	select_type	table	type	possible_keys	key	key_len	ref	rows	Extra
1	SIMPLE	t1	const	pri_index	pri_index	5	const	1	NULL
select * from t1 where i = 100;
i	f	c
100	1.1	pune
delete from t1 where i < 97;
select * from t1;
i	f	c
100	1.1	pune
99	1.2	mumbai
98	1.3	jaipur
97	1.4	delhi
insert into t1 values (96, 1.5, 'kolkata');
select * from t1;
i	f	c
100	1.1	pune
99	1.2	mumbai
98	1.3	jaipur
97	1.4	delhi
96	1.5	kolkata
update t1 set f = 1.44 where c = 'delhi';
select * from t1;
i	f	c
100	1.1	pune
99	1.2	mumbai
98	1.3	jaipur
97	1.44	delhi
96	1.5	kolkata
truncate table t1;
insert into t1 values (100, 1.1, 'pune');
insert into t1 values (99, 1.2, 'mumbai');
insert into t1 values (98, 1.3, 'jaipur');
insert into t1 values (97, 1.4, 'delhi');
insert into t1 values (96, 1.5, 'ahmedabad');
select * from t1;
i	f	c
100	1.1	pune
99	1.2	mumbai
98	1.3	jaipur
97	1.4	delhi
96	1.5	ahmedabad
alter table t1 discard tablespace;
drop table t1;
set global innodb_file_per_table = off;
set global innodb_file_format = @global_innodb_file_format_orig;
create temporary table t1
(keyc int, c1 char(100), c2 char(100),
primary key(keyc)) engine = innodb;
CREATE PROCEDURE populate_t1()
BEGIN
DECLARE i INT DEFAULT 1;
while (i <= 20000) DO
insert into t1 values (i, 'a', 'b');
SET i = i + 1;
END WHILE;
END|
set autocommit=0;
select count(*) from t1;
count(*)
0
CALL populate_t1();
select count(*) from t1;
count(*)
20000
select * from t1 limit 10;
keyc	c1	c2
1	a	b
2	a	b
3	a	b
4	a	b
5	a	b
6	a	b
7	a	b
8	a	b
9	a	b
10	a	b
set autocommit=1;
truncate table t1;
select count(*) from t1;
count(*)
0
drop procedure populate_t1;
drop table t1;
create temporary table t1 (keyc int, c1 char(100), c2 char(100)) engine = innodb;
insert into t1 values (1, 'c', 'b');
select * from t1;
keyc	c1	c2
1	c	b
# files in MYSQL_DATA_DIR
ibtmp1
use test;
select * from t1;
ERROR 42S02: Table 'test.t1' doesn't exist
"testing creation of tablepsace by enabling error path"
--innodb-force-recovery-crash=100
"restarting server in normal mode"
# files in MYSQL_DATA_DIR
ibtmp1
use test;
create temporary table t1 (keyc int, c1 char(100), c2 char(100)) engine=innodb;
insert into t1 values (1, 'c', 'b');
select * from t1;
keyc	c1	c2
1	c	b
"testing temp-table creation in --innodb_read_only mode"
use test;
show tables;
Tables_in_test
create temporary table t1 (keyc int, c1 char(100), c2 char(100)) engine = innodb;
ERROR HY000: Table 't1' is read only
"testing system and temp tablespace name conflict"
"restarting server in normal mode"
use test;
show tables;
Tables_in_test
create temporary table t1 (keyc int, c1 char(100), c2 char(100)) engine = innodb;
drop table t1;
