CREATE TABLE t1 (c1 INT PRIMARY KEY, c2 INT DEFAULT 1, INDEX(c2)) ENGINE=InnoDB;
INSERT INTO t1 SET c1=1;
CREATE TABLE sys_tables SELECT * FROM INFORMATION_SCHEMA.INNODB_SYS_TABLES
WHERE NAME LIKE 'test/t%';
CREATE TABLE sys_indexes SELECT i.* FROM INFORMATION_SCHEMA.INNODB_SYS_INDEXES i
INNER JOIN sys_tables st ON i.TABLE_ID=st.TABLE_ID;
CREATE TABLE t1c (c2 INT PRIMARY KEY, FOREIGN KEY (c2) REFERENCES t1(c2))
ENGINE=InnoDB;
CREATE TABLE sys_foreign SELECT i.*
FROM INFORMATION_SCHEMA.INNODB_SYS_FOREIGN i
WHERE FOR_NAME LIKE 'test/t%';
SELECT i.* FROM INFORMATION_SCHEMA.INNODB_SYS_FOREIGN_COLS i
INNER JOIN sys_foreign sf ON i.ID = sf.ID;
ID	FOR_COL_NAME	REF_COL_NAME	POS
test/t1c_ibfk_1	c2	c2	0
SELECT i.NAME,i.POS,i.MTYPE,i.PRTYPE,i.LEN
FROM INFORMATION_SCHEMA.INNODB_SYS_COLUMNS i
INNER JOIN sys_tables st ON i.TABLE_ID=st.TABLE_ID;
NAME	POS	MTYPE	PRTYPE	LEN
c1	0	6	1283	4
c2	1	6	1027	4
SELECT si.NAME,i.POS,i.NAME FROM INFORMATION_SCHEMA.INNODB_SYS_FIELDS i
INNER JOIN sys_indexes si ON i.INDEX_ID=si.INDEX_ID;
NAME	POS	NAME
PRIMARY	0	c1
c2	0	c2
SELECT i.* FROM INFORMATION_SCHEMA.INNODB_SYS_FOREIGN_COLS i
INNER JOIN sys_foreign sf ON i.ID = sf.ID;
ID	FOR_COL_NAME	REF_COL_NAME	POS
test/t1c_ibfk_1	c2	c2	0
SHOW CREATE TABLE t1;
Table	Create Table
t1	CREATE TABLE `t1` (
  `c1` int(11) NOT NULL,
  `c2` int(11) DEFAULT '1',
  PRIMARY KEY (`c1`),
  KEY `c2` (`c2`)
) ENGINE=InnoDB DEFAULT CHARSET=latin1
ALTER TABLE t1 ALTER c2 DROP DEFAULT;
SHOW CREATE TABLE t1;
Table	Create Table
t1	CREATE TABLE `t1` (
  `c1` int(11) NOT NULL,
  `c2` int(11),
  PRIMARY KEY (`c1`),
  KEY `c2` (`c2`)
) ENGINE=InnoDB DEFAULT CHARSET=latin1
SELECT i.NAME,i.POS,i.MTYPE,i.PRTYPE,i.LEN
FROM INFORMATION_SCHEMA.INNODB_SYS_COLUMNS i
INNER JOIN sys_tables st ON i.TABLE_ID=st.TABLE_ID;
NAME	POS	MTYPE	PRTYPE	LEN
c1	0	6	1283	4
c2	1	6	1027	4
SELECT si.NAME,i.POS,i.NAME FROM INFORMATION_SCHEMA.INNODB_SYS_FIELDS i
INNER JOIN sys_indexes si ON i.INDEX_ID=si.INDEX_ID;
NAME	POS	NAME
PRIMARY	0	c1
c2	0	c2
SELECT i.* FROM INFORMATION_SCHEMA.INNODB_SYS_FOREIGN_COLS i
INNER JOIN sys_foreign sf ON i.ID = sf.ID;
ID	FOR_COL_NAME	REF_COL_NAME	POS
test/t1c_ibfk_1	c2	c2	0
ALTER TABLE t1 CHANGE c2 c2 INT AFTER c1;
ALTER TABLE t1 CHANGE c1 c1 INT FIRST;
SELECT i.NAME,i.POS,i.MTYPE,i.PRTYPE,i.LEN
FROM INFORMATION_SCHEMA.INNODB_SYS_COLUMNS i
INNER JOIN sys_tables st ON i.TABLE_ID=st.TABLE_ID;
NAME	POS	MTYPE	PRTYPE	LEN
c1	0	6	1283	4
c2	1	6	1027	4
SELECT si.NAME,i.POS,i.NAME FROM INFORMATION_SCHEMA.INNODB_SYS_FIELDS i
INNER JOIN sys_indexes si ON i.INDEX_ID=si.INDEX_ID;
NAME	POS	NAME
PRIMARY	0	c1
c2	0	c2
SELECT i.* FROM INFORMATION_SCHEMA.INNODB_SYS_FOREIGN_COLS i
INNER JOIN sys_foreign sf ON i.ID = sf.ID;
ID	FOR_COL_NAME	REF_COL_NAME	POS
test/t1c_ibfk_1	c2	c2	0
ALTER TABLE t1 CHANGE c2 c3 INT;
SELECT i.NAME,i.POS,i.MTYPE,i.PRTYPE,i.LEN
FROM INFORMATION_SCHEMA.INNODB_SYS_COLUMNS i
INNER JOIN sys_tables st ON i.TABLE_ID=st.TABLE_ID;
NAME	POS	MTYPE	PRTYPE	LEN
c1	0	6	1283	4
c3	1	6	1027	4
SELECT si.NAME,i.POS,i.NAME FROM INFORMATION_SCHEMA.INNODB_SYS_FIELDS i
INNER JOIN sys_indexes si ON i.INDEX_ID=si.INDEX_ID;
NAME	POS	NAME
PRIMARY	0	c1
c2	0	c3
SELECT i.* FROM INFORMATION_SCHEMA.INNODB_SYS_FOREIGN_COLS i
INNER JOIN sys_foreign sf ON i.ID = sf.ID;
ID	FOR_COL_NAME	REF_COL_NAME	POS
test/t1c_ibfk_1	c2	c3	0
ALTER TABLE t1 CHANGE c3 c INT;
SELECT i.NAME,i.POS,i.MTYPE,i.PRTYPE,i.LEN
FROM INFORMATION_SCHEMA.INNODB_SYS_COLUMNS i
INNER JOIN sys_tables st ON i.TABLE_ID=st.TABLE_ID;
NAME	POS	MTYPE	PRTYPE	LEN
c1	0	6	1283	4
c	1	6	1027	4
SELECT si.NAME,i.POS,i.NAME FROM INFORMATION_SCHEMA.INNODB_SYS_FIELDS i
INNER JOIN sys_indexes si ON i.INDEX_ID=si.INDEX_ID;
NAME	POS	NAME
PRIMARY	0	c1
c2	0	c
SELECT i.* FROM INFORMATION_SCHEMA.INNODB_SYS_FOREIGN_COLS i
INNER JOIN sys_foreign sf ON i.ID = sf.ID;
ID	FOR_COL_NAME	REF_COL_NAME	POS
test/t1c_ibfk_1	c2	c	0
ALTER TABLE t1 CHANGE c column_two INT;
SELECT i.* FROM INFORMATION_SCHEMA.INNODB_SYS_FOREIGN_COLS i
INNER JOIN sys_foreign sf ON i.ID = sf.ID;
ID	FOR_COL_NAME	REF_COL_NAME	POS
test/t1c_ibfk_1	c2	column_two	0
SELECT i.NAME,i.POS,i.MTYPE,i.PRTYPE,i.LEN
FROM INFORMATION_SCHEMA.INNODB_SYS_COLUMNS i
INNER JOIN sys_tables st ON i.TABLE_ID=st.TABLE_ID;
NAME	POS	MTYPE	PRTYPE	LEN
c1	0	6	1283	4
column_two	1	6	1027	4
SELECT si.NAME,i.POS,i.NAME FROM INFORMATION_SCHEMA.INNODB_SYS_FIELDS i
INNER JOIN sys_indexes si ON i.INDEX_ID=si.INDEX_ID;
NAME	POS	NAME
PRIMARY	0	c1
c2	0	column_two
SELECT i.* FROM INFORMATION_SCHEMA.INNODB_SYS_FOREIGN_COLS i
INNER JOIN sys_foreign sf ON i.ID = sf.ID;
ID	FOR_COL_NAME	REF_COL_NAME	POS
test/t1c_ibfk_1	c2	column_two	0
ALTER TABLE t1 CHANGE column_two c3 INT;
SELECT st.NAME, i.NAME
FROM sys_tables st INNER JOIN INFORMATION_SCHEMA.INNODB_SYS_TABLES i
ON i.TABLE_ID=st.TABLE_ID;
NAME	NAME
test/t1	test/t1
SHOW CREATE TABLE t1;
Table	Create Table
t1	CREATE TABLE `t1` (
  `c1` int(11) NOT NULL DEFAULT '0',
  `c3` int(11) DEFAULT NULL,
  PRIMARY KEY (`c1`),
  KEY `c2` (`c3`)
) ENGINE=InnoDB DEFAULT CHARSET=latin1
SHOW CREATE TABLE t1c;
Table	Create Table
t1c	CREATE TABLE `t1c` (
  `c2` int(11) NOT NULL,
  PRIMARY KEY (`c2`),
  CONSTRAINT `t1c_ibfk_1` FOREIGN KEY (`c2`) REFERENCES `t1` (`c3`)
) ENGINE=InnoDB DEFAULT CHARSET=latin1
ALTER TABLE t1 RENAME TO t2;
SELECT st.NAME, i.NAME
FROM sys_tables st INNER JOIN INFORMATION_SCHEMA.INNODB_SYS_TABLES i
ON i.TABLE_ID=st.TABLE_ID;
NAME	NAME
test/t1	test/t2
SHOW CREATE TABLE t2;
Table	Create Table
t2	CREATE TABLE `t2` (
  `c1` int(11) NOT NULL DEFAULT '0',
  `c3` int(11) DEFAULT NULL,
  PRIMARY KEY (`c1`),
  KEY `c2` (`c3`)
) ENGINE=InnoDB DEFAULT CHARSET=latin1
RENAME TABLE t2 TO t1;
SELECT st.NAME, i.NAME
FROM sys_tables st INNER JOIN INFORMATION_SCHEMA.INNODB_SYS_TABLES i
ON i.TABLE_ID=st.TABLE_ID;
NAME	NAME
test/t1	test/t1
SELECT i.NAME,i.POS,i.MTYPE,i.PRTYPE,i.LEN
FROM INFORMATION_SCHEMA.INNODB_SYS_COLUMNS i
INNER JOIN sys_tables st ON i.TABLE_ID=st.TABLE_ID;
NAME	POS	MTYPE	PRTYPE	LEN
c1	0	6	1283	4
c3	1	6	1027	4
SELECT si.NAME,i.POS,i.NAME FROM INFORMATION_SCHEMA.INNODB_SYS_FIELDS i
INNER JOIN sys_indexes si ON i.INDEX_ID=si.INDEX_ID;
NAME	POS	NAME
PRIMARY	0	c1
c2	0	c3
SELECT i.* FROM INFORMATION_SCHEMA.INNODB_SYS_FOREIGN_COLS i
INNER JOIN sys_foreign sf ON i.ID = sf.ID;
ID	FOR_COL_NAME	REF_COL_NAME	POS
test/t1c_ibfk_1	c2	c3	0
DROP TABLE t1c, t1, sys_tables, sys_indexes, sys_foreign;
